start_date,end_date,status,progress,duration_seconds,finished,recorded_date,response_id,distribution_channel,user_language,age,gender,gender_spec,location,education,vax01,vax02,vax03,vax04,vax05,vax06,vax07,vax08,vax09,vax10,vax11,vax12,vax13,vax14,vax15,vax16,vax17,vax18,vax19,vax20,vax21,vax22,vax23,vax24,vax25,vax26,vax27,ccd01,ccd02,ccd03,ccd04,ccd05,ccd06,ccd07,ccd08,ccd09,ccd10,ccd11,ccd12,ccd13,ccd14,ccd15,ccd16,ccd17,ccd18,trust01,trust02,trust03,trust04,trust05,trust06,trust07,trust08,trust09,trust10,trust11,trust12,trust13,trust14,psm01,psm02,psm03,psm04,psm05,asc01,asc02,asc03,asc04,asc05,asc06,asc07,asc08,asc09,asc10,asc11,asc12,asc13,asc14,asc15,asc16,asc17,asc18,sdo01,sdo02,sdo03,sdo04,sdo05,sdo06,sdo07,sdo08,lib_cons,cons01,cons02,cons03,cons04,cons05,cons06,cons07,cons08,cons09,cons10,cons11,cons12,cons13,cons14,cons15,feedback,x123,x124,education_cat
21/08/2018 13:51,21/08/2018 13:56,0,100,318,1,21/08/2018 13:56,R_3RdPDHMKWyl0T3p,anonymous,EN-GB,36,male,NA,9,2,1,2,2,2,2,1,1,2,2,2,2,1,2,2,2,2,1,1,1,1,1,1,1,2,2,1,2,2,2,1,1,1,1,1,2,1,2,2,1,1,2,2,1,1,2,3,2,2,5,6,3,6,6,5,5,5,6,5,7,1,1,1,1,1,3,2,6,3,6,6,2,6,5,3,3,5,3,2,6,6,5,3,6,7,3,1,7,7,2,2,6,2,1,1,1,4,2,1,1,1,2,2,1,1,1,5,NA,NA,NA,High School graduate
21/08/2018 13:50,21/08/2018 13:58,0,100,483,1,21/08/2018 13:58,R_1OYNvhGo3mDgw1K,anonymous,EN-GB,20,female,NA,3,2,1,2,2,2,2,1,1,2,2,2,2,1,2,2,2,2,1,1,1,1,1,1,1,2,2,1,2,2,2,2,2,1,2,2,2,2,2,1,2,2,1,1,2,2,2,1,1,1,1,1,1,2,1,1,2,1,1,1,2,2,1,1,1,1,3,3,5,1,4,5,4,4,5,4,4,4,3,2,5,5,6,5,3,4,6,4,2,2,5,6,3,4,3,2,2,4,2,2,3,1,3,4,2,3,2,5,NA,NA,NA,High School graduate
21/08/2018 13:57,21/08/2018 14:00,0,100,232,1,21/08/2018 14:01,R_OILQPgOferC20H7,anonymous,EN-GB,35,male,NA,4,5,1,2,2,2,2,1,1,2,2,2,2,2,2,2,2,2,1,1,1,1,1,1,1,2,2,1,2,2,1,1,2,1,1,1,1,1,2,2,2,2,2,2,1,1,2,2,2,2,2,2,2,2,2,2,2,4,2,2,2,2,2,2,2,2,2,2,6,4,5,6,7,1,1,7,7,2,2,1,5,6,5,1,4,4,4,4,4,4,4,4,4,2,1,1,1,1,2,1,1,1,2,1,1,1,1,2,NA,NA,NA,Bachelors degree
21/08/2018 13:49,21/08/2018 14:06,0,100,979,1,21/08/2018 14:06,R_338CbYCjSn3v7nw,anonymous,EN-GB,37,female,NA,3,6,1,2,2,2,2,1,1,2,2,2,2,2,2,2,2,2,1,1,1,1,1,1,1,2,2,1,2,2,2,2,2,1,2,2,2,2,2,1,2,2,1,2,2,2,2,2,2,2,2,2,2,2,2,2,2,2,2,2,2,5,5,5,5,5,2,2,6,2,6,6,6,2,5,6,6,5,2,2,6,6,6,2,1,1,7,7,1,1,7,7,1,1,1,1,1,1,1,1,1,1,1,1,1,1,1,2,None,NA,NA,Masters degree
21/08/2018 13:51,21/08/2018 14:06,0,100,913,1,21/08/2018 14:06,R_2Xj7Gguu3UgscmB,anonymous,EN-GB,24,male,NA,1,5,1,2,2,2,2,1,1,2,2,2,2,2,2,2,2,2,1,1,1,1,1,1,1,2,2,2,2,2,2,2,2,1,2,2,2,2,1,1,2,2,1,1,2,2,2,1,1,1,1,1,1,1,1,1,1,1,1,1,1,3,1,3,1,2,4,4,7,4,7,7,2,6,5,3,6,5,1,1,1,7,7,1,1,1,7,7,1,1,7,7,4,1,1,1,1,1,1,1,1,1,1,1,1,1,1,1,Great study. Very well-designed.,NA,NA,Bachelors degree
21/08/2018 13:50,21/08/2018 14:08,0,100,1084,1,21/08/2018 14:08,R_1ODFP3J2LRoPNKt,anonymous,EN-GB,28,male,NA,8,2,1,2,2,2,2,1,1,2,2,2,2,2,2,2,2,2,2,1,1,1,1,1,2,2,2,2,2,2,2,2,2,1,2,2,2,2,1,1,2,2,1,2,2,2,2,1,1,1,1,1,1,2,2,2,1,2,1,1,2,2,1,2,2,2,2,2,6,1,7,6,7,1,2,6,6,6,3,3,6,6,6,3,1,1,7,7,1,1,7,7,2,3,4,2,1,3,2,4,4,2,4,3,4,2,2,4,NA,NA,NA,High School graduate
21/08/2018 14:19,21/08/2018 14:22,0,100,148,1,21/08/2018 14:22,R_3htIn4OkwQ0UCT9,anonymous,EN-GB,26,male,NA,7,5,1,1,1,2,2,1,1,1,2,2,1,1,1,1,2,2,1,1,1,1,1,1,1,2,1,2,2,1,1,2,1,1,1,1,1,1,1,1,2,2,1,1,2,1,1,4,2,3,5,4,3,5,4,2,5,4,2,4,3,3,5,3,5,4,6,5,6,7,5,6,6,4,5,7,6,5,5,4,6,5,5,6,6,4,5,7,6,4,5,6,2,5,3,4,5,4,4,3,5,4,3,4,3,5,4,5,no,NA,NA,Bachelors degree
21/08/2018 14:23,21/08/2018 14:28,0,100,312,1,21/08/2018 14:28,R_yqDbzRijyoL9xxT,anonymous,EN-GB,33,female,NA,8,5,1,2,2,2,2,1,1,2,2,2,2,2,2,2,2,2,1,1,1,1,1,1,2,2,2,1,2,2,2,2,2,1,2,2,2,2,1,1,2,2,2,1,2,2,2,1,1,1,1,1,1,1,1,1,1,1,1,1,1,1,1,1,1,1,4,4,6,4,6,6,7,1,1,7,7,1,1,1,7,7,7,1,1,1,7,7,1,1,7,7,1,2,1,2,1,1,1,1,2,1,2,2,1,1,1,4,NA,NA,NA,Bachelors degree
21/08/2018 14:24,21/08/2018 14:30,0,100,402,1,21/08/2018 14:30,R_115FR92t0YAOYmp,anonymous,EN-GB,26,male,NA,2,2,1,2,2,2,2,1,1,2,2,2,2,1,2,2,2,2,1,1,1,1,1,1,1,2,2,1,1,2,2,1,2,1,2,2,2,2,1,1,2,2,1,2,1,2,2,2,1,2,3,3,1,4,2,4,4,4,4,3,4,1,1,1,1,1,4,2,6,4,6,7,5,4,2,1,NA,4,1,1,6,6,7,2,1,1,7,7,1,1,7,7,2,3,2,1,1,1,2,2,1,1,4,3,2,1,1,4,NA,NA,NA,High School graduate
21/08/2018 14:30,21/08/2018 14:36,0,100,302,1,21/08/2018 14:36,R_2Cvx3FmUypm0Vo5,anonymous,EN-GB,33,female,NA,5,4,1,2,1,1,2,2,2,2,1,1,1,1,1,2,2,2,2,1,1,1,1,1,1,1,2,2,1,1,1,1,1,2,1,1,2,1,2,2,1,2,2,2,1,1,2,2,2,2,3,2,2,4,4,5,5,4,4,3,5,5,2,3,2,3,3,2,6,3,7,6,3,5,3,2,2,6,2,2,7,7,7,2,3,2,5,6,6,7,1,2,4,4,5,2,5,5,4,5,2,4,5,4,5,2,5,5,NA,NA,NA,Associate degree
21/08/2018 14:32,21/08/2018 14:37,0,100,308,1,21/08/2018 14:37,R_1I4soeshimzyHXz,anonymous,EN-GB,24,male,NA,2,5,2,2,2,2,2,1,1,2,2,2,2,2,2,2,2,2,1,1,1,1,2,2,1,2,2,1,2,2,2,2,2,1,2,2,2,2,2,1,2,2,1,1,2,2,2,1,1,1,1,1,1,1,1,1,1,2,1,1,1,1,1,1,4,1,3,3,7,5,7,7,7,3,3,6,7,4,1,1,7,6,4,3,1,1,6,6,3,3,7,6,3,1,1,1,1,1,1,1,1,1,1,1,1,1,1,1,NA,NA,NA,Bachelors degree
21/08/2018 14:27,21/08/2018 14:38,0,100,680,1,21/08/2018 14:38,R_3gL2OS7fZpaBfOy,anonymous,EN-GB,41,male,NA,5,5,1,2,2,2,2,1,1,2,2,2,2,1,2,2,2,2,1,1,1,1,1,1,1,2,2,1,2,2,2,2,2,1,2,2,2,2,2,1,2,2,2,2,2,2,2,2,1,1,2,2,1,2,2,4,4,4,2,3,4,2,2,2,4,2,5,4,6,5,6,6,3,5,4,3,5,5,3,3,5,5,5,3,1,1,7,5,2,2,6,7,1,2,3,2,2,2,3,3,3,2,4,4,4,2,4,4,That was surprisingly quick. Interesting subjects -- guessing it had to do with propensity to buy into conspiracy theories and view of scientific topics that some seem to want to throw into that lot.,NA,NA,Bachelors degree
21/08/2018 14:46,21/08/2018 14:51,0,100,272,1,21/08/2018 14:51,R_2b1Vf7S1hw0qqTh,anonymous,EN-GB,30,female,NA,1,5,1,2,2,2,2,1,1,2,2,2,2,1,2,2,2,2,1,1,1,1,1,1,2,2,1,1,1,2,2,2,2,1,2,2,2,2,1,1,2,2,1,1,2,2,2,3,3,3,3,3,3,3,3,3,3,3,3,3,3,2,2,2,2,2,5,5,5,4,5,5,4,4,5,5,5,4,2,2,4,2,3,4,2,2,6,6,4,5,6,6,3,1,1,1,1,1,1,1,1,1,3,1,1,1,1,1,NA,NA,NA,Bachelors degree
21/08/2018 14:56,21/08/2018 14:59,0,100,173,1,21/08/2018 14:59,R_TuXUPpOe2seCsSJ,anonymous,EN-GB,24,male,NA,6,5,2,1,2,1,1,2,2,2,1,1,1,2,1,1,2,2,1,2,1,1,1,2,2,2,1,1,1,2,1,2,1,1,2,1,2,2,1,2,1,1,2,1,2,1,1,2,4,5,2,5,2,5,4,5,3,6,3,5,4,2,4,2,3,3,3,5,3,5,4,5,3,5,3,5,3,5,3,4,3,5,2,5,3,5,2,5,3,5,3,6,5,2,4,3,5,3,2,3,2,3,3,3,3,2,3,4,great,NA,NA,Bachelors degree
21/08/2018 14:56,21/08/2018 15:03,0,100,460,1,21/08/2018 15:03,R_6ogQDrEN2OUOSIN,anonymous,EN-GB,29,male,NA,7,5,1,1,1,1,1,1,1,1,1,1,1,1,1,1,1,2,1,1,1,1,2,1,1,1,1,2,2,1,2,1,2,1,1,1,1,2,2,1,1,2,1,1,1,1,2,3,3,2,2,2,4,2,4,2,2,2,2,2,2,4,4,4,4,3,5,5,5,5,4,5,5,5,4,5,4,5,5,5,5,4,5,5,3,1,4,4,4,4,5,5,4,4,4,3,3,4,4,2,2,4,4,4,NA,1,4,4,NA,NA,NA,Bachelors degree
21/08/2018 15:02,21/08/2018 15:05,0,100,232,1,21/08/2018 15:05,R_30vKYus1YfH2FtI,anonymous,EN-GB,29,male,NA,3,5,2,1,2,2,2,1,2,2,2,2,2,2,2,2,2,1,1,1,1,1,1,1,2,2,1,1,2,1,1,2,1,1,2,2,2,2,2,1,2,2,1,1,2,2,2,3,3,2,3,3,4,3,2,4,2,2,3,3,4,4,4,3,4,4,2,2,6,1,6,7,7,2,6,6,7,2,5,7,1,5,6,5,2,2,7,7,2,1,7,6,3,2,1,1,1,2,2,1,1,1,2,2,2,1,1,2,NA,NA,NA,Bachelors degree
21/08/2018 14:57,21/08/2018 15:06,0,100,490,1,21/08/2018 15:06,R_3emZMZu1F3RnrRT,anonymous,EN-GB,40,female,NA,3,2,1,2,2,2,2,1,1,2,1,2,2,2,2,2,2,2,1,1,1,1,1,1,1,2,2,1,2,2,2,2,2,1,2,2,2,2,2,1,2,2,1,2,2,2,2,1,1,1,1,1,1,2,2,2,2,2,2,1,1,2,2,2,3,1,3,3,5,4,5,6,5,4,5,5,5,4,3,2,6,4,5,2,1,1,7,7,1,1,7,7,2,1,1,1,1,1,1,1,1,1,1,1,1,1,1,2,NA,NA,NA,High School graduate
21/08/2018 15:01,21/08/2018 15:07,0,100,362,1,21/08/2018 15:07,R_2zcJytUkMLl9FRF,anonymous,EN-GB,28,female,NA,10,6,1,2,2,2,2,1,1,2,2,2,2,1,2,2,2,2,1,1,1,1,1,1,1,2,2,1,2,1,2,2,2,1,2,2,2,2,2,1,2,2,1,2,2,2,2,2,1,1,1,1,1,1,1,1,1,1,1,1,1,2,1,1,1,1,4,4,5,2,6,6,6,4,2,6,6,2,4,4,4,4,4,3,1,1,7,7,1,1,7,7,2,3,3,1,3,3,3,3,2,3,3,3,3,3,3,3,NA,NA,NA,Masters degree
21/08/2018 14:57,21/08/2018 15:08,0,100,659,1,21/08/2018 15:08,R_10B2Q03onqA17Tp,anonymous,EN-GB,31,male,NA,2,5,1,2,2,2,2,1,1,2,2,2,2,2,2,2,2,2,1,1,1,2,2,1,1,2,2,1,2,2,2,2,2,1,2,2,2,2,1,1,2,2,1,1,2,2,2,1,1,1,1,1,1,1,1,1,1,1,1,1,1,1,1,1,1,1,1,1,7,1,7,7,6,3,5,6,7,5,2,2,7,7,3,2,1,1,7,7,1,1,7,7,1,1,1,1,1,1,1,1,1,1,1,1,1,1,1,4,NA,NA,NA,Bachelors degree
21/08/2018 15:05,21/08/2018 15:12,0,100,398,1,21/08/2018 15:12,R_cG4UDKjYvlhysjT,anonymous,EN-GB,44,female,NA,3,5,2,1,1,2,2,2,2,1,1,1,1,1,1,1,1,1,2,1,1,1,1,1,2,1,2,2,1,2,2,2,2,1,2,2,2,2,2,1,2,2,1,2,2,2,2,3,3,3,3,3,3,3,3,3,3,3,3,3,3,4,4,4,4,4,1,1,5,1,6,7,6,2,2,6,6,4,1,1,5,5,5,1,1,1,7,7,1,7,7,7,2,4,4,2,4,4,4,4,4,4,4,4,4,4,4,4,NA,NA,NA,Bachelors degree
21/08/2018 15:08,21/08/2018 15:13,0,100,293,1,21/08/2018 15:13,R_323XQ8UtTc80rDx,anonymous,EN-GB,36,male,NA,6,6,1,2,2,2,2,1,1,2,2,2,2,2,2,2,2,2,1,1,1,1,1,1,1,2,2,1,2,2,2,2,2,1,2,2,2,2,1,1,2,2,1,1,2,2,2,1,1,1,1,1,1,2,2,2,2,2,2,2,2,3,3,2,5,1,1,1,7,4,7,7,7,2,1,7,7,1,1,1,7,7,7,1,1,1,7,7,1,1,7,7,1,4,1,1,1,1,1,1,1,1,1,4,1,1,1,5,"My answers in the final part aren't related to conspiracy theories, but rather current controversies surrounding the American president.",NA,NA,Masters degree
21/08/2018 15:27,21/08/2018 15:45,0,100,1100,1,21/08/2018 15:45,R_2WJeZKdo2rrXvkk,anonymous,EN-GB,33,male,NA,1,5,1,2,2,2,2,1,1,1,1,1,2,2,2,2,2,2,1,1,1,1,1,1,2,2,2,2,2,2,2,2,2,1,2,2,2,2,2,1,2,2,1,1,2,2,2,3,3,2,3,1,2,2,3,2,2,3,3,2,3,3,3,2,3,3,3,4,3,3,5,5,4,3,4,4,3,5,4,4,5,6,4,3,2,2,6,6,2,2,6,6,2,4,3,3,2,3,3,3,4,3,3,3,3,4,4,3,NA,NA,NA,Bachelors degree
21/08/2018 15:47,21/08/2018 15:49,0,100,141,1,21/08/2018 15:49,R_3ELT3LbBIfCafTG,anonymous,EN-GB,28,male,NA,8,5,1,2,1,2,1,2,1,1,1,1,1,2,2,2,1,1,2,1,2,2,1,2,1,1,1,1,1,2,2,1,2,1,2,1,1,2,1,1,2,1,2,1,2,1,1,3,4,3,2,4,1,2,3,2,5,4,3,2,3,3,4,3,2,3,5,6,5,4,5,6,5,6,5,4,5,6,5,6,5,4,5,6,5,4,6,5,3,4,6,5,2,4,3,4,5,4,3,4,3,2,3,3,4,3,2,4,NICE,NA,NA,Bachelors degree
21/08/2018 15:46,21/08/2018 15:52,0,100,353,1,21/08/2018 15:52,R_1MZhPhqGrBRgYa4,anonymous,EN-GB,24,male,NA,8,5,2,1,1,1,1,2,2,1,1,1,2,2,2,1,1,1,2,2,2,2,2,2,2,1,2,1,1,1,2,1,1,1,2,1,2,2,1,1,2,2,1,1,2,2,2,4,6,2,3,6,4,1,2,5,4,6,2,3,5,4,2,5,3,1,4,2,1,3,6,7,6,1,2,4,3,5,2,1,5,3,7,4,7,1,2,3,5,6,2,4,4,4,1,2,3,5,5,2,1,4,3,2,4,3,5,1,great,NA,NA,Bachelors degree
21/08/2018 15:47,21/08/2018 15:52,0,100,330,1,21/08/2018 15:52,R_2aWanVyodaK2pcz,anonymous,EN-GB,45,male,NA,4,5,1,2,2,2,2,2,1,2,2,2,2,2,2,2,2,2,1,1,1,1,1,1,1,2,2,1,2,2,1,1,2,1,1,1,1,1,2,2,1,2,2,2,1,1,2,2,2,2,2,2,2,2,2,2,2,2,2,2,2,1,1,1,1,1,3,3,6,3,5,6,4,4,5,5,5,5,5,2,5,3,3,5,1,1,7,7,5,1,7,7,5,1,1,1,1,1,1,1,1,1,1,2,1,1,2,2,NA,NA,NA,Bachelors degree
21/08/2018 15:50,21/08/2018 15:54,0,100,232,1,21/08/2018 15:54,R_exMgw4kQieaUkmt,anonymous,EN-GB,30,female,NA,7,5,2,1,2,1,1,1,1,1,2,2,1,2,2,2,1,2,2,1,1,2,1,1,2,2,2,2,1,1,2,2,1,2,2,1,2,1,1,1,2,2,1,2,1,2,1,3,4,5,4,3,4,5,4,3,4,5,4,5,6,3,4,3,4,3,3,4,5,4,4,5,4,3,4,5,4,5,5,4,5,4,5,4,3,4,5,4,5,4,5,4,4,2,3,4,3,4,3,4,3,4,3,4,3,2,3,4,nice,NA,NA,Bachelors degree
21/08/2018 15:47,21/08/2018 15:55,0,100,523,1,21/08/2018 15:55,R_1re6gLvNbeoV0cM,anonymous,EN-GB,30,male,NA,10,2,1,2,2,2,2,1,1,2,2,2,2,2,2,2,2,2,1,1,1,1,1,1,1,2,2,2,2,2,2,2,2,1,2,2,2,2,2,1,2,2,1,1,2,2,2,1,1,1,1,1,1,1,1,1,1,1,1,1,1,1,1,1,1,1,4,4,5,7,4,5,1,5,4,6,5,5,6,6,3,4,4,5,1,1,7,7,1,1,7,7,2,2,2,1,1,1,1,1,1,1,2,1,1,1,1,4,Everything went fine and I didn't have any problems.,NA,NA,High School graduate
21/08/2018 15:46,21/08/2018 15:55,0,100,554,1,21/08/2018 15:56,R_ekx6Wepde9MkQlX,anonymous,EN-GB,43,male,NA,9,5,1,2,2,2,2,1,2,2,1,1,2,1,1,2,1,2,1,1,1,1,1,1,1,2,2,2,1,2,2,2,2,1,1,1,1,1,1,1,1,2,1,2,2,1,2,2,2,1,2,2,2,2,2,2,2,4,4,3,3,2,2,2,4,4,3,2,7,4,4,6,5,3,3,5,5,4,4,2,5,4,2,4,5,6,5,1,6,4,3,3,2,4,2,2,2,2,2,1,2,2,2,2,1,2,3,3,NA,NA,NA,Bachelors degree
21/08/2018 15:47,21/08/2018 15:59,0,100,734,1,21/08/2018 15:59,R_28U94jUNcuGeHPn,anonymous,EN-GB,53,male,NA,8,2,2,1,1,1,2,2,2,1,1,1,1,1,1,1,2,1,2,2,2,2,2,2,1,2,1,1,1,1,1,1,1,2,1,1,2,1,2,2,1,1,2,2,1,1,2,6,4,6,4,5,5,6,6,4,4,5,6,7,4,1,1,1,4,1,2,2,5,5,6,7,2,7,6,1,2,6,7,7,5,6,6,6,1,1,1,6,7,7,3,6,7,2,1,1,1,4,1,1,1,1,4,1,1,1,1,4,NA,NA,NA,High School graduate
21/08/2018 16:24,21/08/2018 16:30,0,100,330,1,21/08/2018 16:30,R_tFjxG5G83btQ9b3,anonymous,EN-GB,27,female,NA,5,4,1,2,2,2,2,1,1,2,2,2,2,2,2,2,2,2,1,1,1,1,1,1,1,2,2,1,2,2,2,2,2,1,2,2,2,2,1,1,2,2,1,1,2,2,2,1,1,1,1,1,1,1,1,1,1,1,1,1,1,2,2,2,4,2,3,3,7,3,5,7,7,2,3,7,7,4,2,1,7,7,6,1,1,5,7,7,1,1,7,7,1,2,2,1,2,2,2,3,1,1,5,4,3,1,2,4,NA,NA,NA,Associate degree
21/08/2018 16:31,21/08/2018 16:35,0,100,203,1,21/08/2018 16:35,R_1K20hv2DN5ahcBr,anonymous,EN-GB,27,female,NA,8,6,1,1,1,1,1,1,1,1,1,2,2,1,1,1,1,2,1,1,2,1,2,1,1,1,1,1,1,1,1,1,1,1,1,1,1,1,2,1,1,1,1,1,1,2,2,1,2,3,3,2,1,2,1,2,1,2,1,2,3,5,4,5,5,5,6,NA,7,7,7,7,6,7,6,7,6,7,6,7,6,7,7,6,7,6,7,6,7,7,7,7,2,4,5,4,5,5,4,5,4,5,4,4,5,4,5,4,nice,NA,NA,Masters degree
21/08/2018 16:32,21/08/2018 16:36,0,100,251,1,21/08/2018 16:36,R_1f44kNTJ8V7BM6F,anonymous,EN-GB,46,male,NA,8,2,1,2,2,2,2,1,1,2,2,2,2,2,2,2,2,2,1,1,1,1,1,1,1,2,2,1,2,1,2,2,2,1,2,2,2,2,2,1,2,2,1,1,2,2,2,2,2,1,2,2,2,2,1,2,2,3,2,2,2,3,3,2,3,2,4,4,5,4,6,7,7,5,3,5,6,4,6,6,3,4,3,5,1,1,7,7,1,1,7,7,2,2,4,1,1,1,3,4,1,1,3,4,1,1,2,5,NA,NA,NA,High School graduate
21/08/2018 16:31,21/08/2018 16:38,0,100,423,1,21/08/2018 16:38,R_1mDXcZHrtXQhtUH,anonymous,EN-GB,42,male,NA,5,5,1,2,2,2,2,1,1,2,2,2,2,2,2,2,2,2,1,1,1,1,1,1,1,2,2,1,2,2,2,2,2,1,2,2,2,2,2,1,1,2,1,2,2,2,2,1,2,2,1,1,1,1,1,1,1,1,1,1,2,2,1,1,1,1,3,2,5,4,5,6,3,5,5,2,3,5,5,4,6,6,3,4,2,2,6,3,2,5,4,5,5,2,2,2,2,2,3,2,2,1,3,3,2,1,2,2,NA,NA,NA,Bachelors degree
21/08/2018 16:39,21/08/2018 16:42,0,100,213,1,21/08/2018 16:42,R_3iFlmABr5DU70st,anonymous,EN-GB,27,male,NA,9,5,1,1,1,1,1,1,1,1,1,1,1,2,1,1,1,1,1,1,1,1,1,1,1,1,1,1,1,1,1,1,1,1,1,1,1,1,1,1,1,1,1,1,1,1,1,3,5,4,5,4,5,4,5,4,5,6,5,5,6,4,4,5,5,4,6,7,6,6,6,6,5,6,7,6,7,6,6,7,6,6,7,7,6,7,6,5,6,6,5,6,2,4,5,4,5,4,4,5,4,4,5,4,3,4,4,5,VERY NICE,NA,NA,Bachelors degree
21/08/2018 16:39,21/08/2018 16:48,0,100,532,1,21/08/2018 16:48,R_1LUR0Y1UKEoE4aI,anonymous,EN-GB,25,female,NA,8,5,1,1,1,1,2,2,2,1,1,2,1,1,1,1,1,1,1,1,2,1,1,1,1,1,1,1,1,1,1,1,2,1,1,1,1,1,1,1,2,1,2,1,2,1,2,1,2,1,2,3,3,2,1,2,3,3,2,1,2,4,3,2,4,5,6,7,6,6,5,6,6,7,7,6,5,6,6,5,5,6,6,6,6,5,NA,6,7,6,5,6,7,4,5,5,4,4,NA,4,4,5,4,4,3,4,4,5,it is very good experience,NA,NA,Bachelors degree
21/08/2018 16:38,21/08/2018 16:50,0,100,699,1,21/08/2018 16:50,R_1mtwte7kXJeZexq,anonymous,EN-GB,39,male,NA,2,6,1,2,2,2,2,1,1,2,2,2,2,1,2,2,2,2,2,1,1,1,1,1,1,2,2,1,2,2,2,2,2,1,2,2,2,2,2,1,2,2,1,2,2,2,2,1,1,1,1,1,1,1,1,1,1,1,1,1,1,2,3,2,4,1,4,4,6,4,6,7,4,4,4,3,5,4,6,4,7,4,5,2,1,1,6,5,2,1,2,7,3,2,1,1,1,1,1,1,1,1,1,2,1,1,1,1,Thank you for the opportunity to participate!,NA,NA,Masters degree
21/08/2018 16:45,21/08/2018 16:51,0,100,365,1,21/08/2018 16:51,R_QnbAIAthgmcKzAd,anonymous,EN-GB,28,male,NA,9,4,1,2,2,2,2,1,1,2,2,2,2,2,2,2,2,2,1,1,1,1,1,1,1,2,2,1,2,2,2,2,2,1,2,2,2,2,1,1,2,2,1,1,2,2,2,1,1,1,1,1,1,2,2,2,3,3,3,2,3,3,3,3,2,2,5,5,7,3,6,7,7,5,5,6,7,5,3,3,6,5,5,5,1,1,7,7,1,1,7,7,1,2,3,2,2,1,2,2,2,1,2,2,2,2,1,3,NA,NA,NA,Associate degree
21/08/2018 16:55,21/08/2018 17:05,0,100,624,1,21/08/2018 17:05,R_2aIT292tmbBw2Hf,anonymous,EN-GB,34,female,NA,7,4,2,2,1,1,2,2,2,2,1,1,1,1,1,1,2,1,2,2,1,1,1,1,2,2,2,2,2,2,2,2,2,1,2,2,2,2,2,1,2,2,2,1,2,2,2,1,1,1,1,1,1,1,1,1,1,1,1,1,1,5,5,5,5,5,4,4,6,4,5,3,1,7,5,5,4,6,5,6,4,4,4,3,1,1,7,7,1,1,7,7,2,1,1,1,1,2,1,1,2,1,3,1,1,2,1,3,I enjoyed this study,NA,NA,Associate degree
21/08/2018 16:58,21/08/2018 17:06,0,100,501,1,21/08/2018 17:07,R_3LcFQi16K1QCYBr,anonymous,EN-GB,23,female,NA,1,5,1,2,2,2,2,1,1,2,2,2,2,2,2,2,2,2,1,1,1,1,1,1,1,2,2,1,2,2,2,2,2,1,2,2,2,2,1,1,2,2,1,1,2,2,2,1,1,1,1,1,1,1,1,1,1,1,1,1,1,1,1,1,1,1,1,1,5,1,4,6,6,1,1,7,7,1,1,1,6,6,6,2,1,1,7,7,1,1,7,7,1,4,1,1,1,1,4,1,1,1,1,4,1,1,5,5,"No suggestions, thank you.",NA,NA,Bachelors degree
21/08/2018 17:10,21/08/2018 17:15,0,100,284,1,21/08/2018 17:15,R_0AFDpx5BnLUmV1f,anonymous,EN-GB,35,male,NA,10,5,1,2,1,2,2,2,1,2,2,1,2,2,2,2,2,2,1,1,1,1,1,1,1,2,2,2,2,2,2,2,2,1,2,2,2,2,2,1,1,2,2,2,2,2,2,3,3,1,3,4,3,4,4,4,4,4,4,4,4,3,3,4,5,3,1,1,7,1,7,7,7,1,4,4,4,4,4,4,4,4,4,4,4,7,4,1,4,4,4,6,4,5,3,1,2,5,5,1,1,1,5,5,5,1,5,5,"No further relevant comment, at this time.",NA,NA,Bachelors degree
21/08/2018 17:16,21/08/2018 17:22,0,100,353,1,21/08/2018 17:22,R_3q9zATbUOPVfH9s,anonymous,EN-GB,24,female,NA,10,5,1,1,1,1,1,NA,1,1,1,1,1,1,1,1,1,1,1,1,1,1,1,1,1,1,1,1,1,1,1,1,1,1,1,1,1,1,1,1,1,1,1,1,1,1,1,1,2,1,2,1,2,1,2,1,2,1,2,1,3,5,4,5,4,5,7,6,5,6,7,6,7,6,7,6,7,6,7,6,5,7,6,7,6,7,6,7,6,7,6,7,1,5,4,5,4,5,5,4,5,4,5,5,4,5,4,5,good working,NA,NA,Bachelors degree
21/08/2018 17:11,21/08/2018 17:28,0,100,1016,1,21/08/2018 17:28,R_2pPEO92XulkBZLm,anonymous,EN-GB,58,male,NA,2,4,1,2,2,2,2,1,1,2,2,2,2,1,2,2,2,2,1,1,1,1,1,1,1,2,2,1,2,1,2,2,2,1,2,2,2,2,2,1,2,2,2,1,2,2,2,1,1,1,1,1,1,1,1,2,1,2,2,1,2,1,1,1,2,1,6,5,6,5,5,5,5,3,5,5,6,5,5,5,6,4,3,6,3,2,6,6,2,2,6,6,6,1,2,3,2,1,1,2,4,2,4,2,2,4,2,4,"I really like your studies!

The questions are interesting and varied.",NA,NA,Associate degree
21/08/2018 17:12,21/08/2018 17:28,0,100,951,1,21/08/2018 17:28,R_1ifW5vFzTykkV65,anonymous,EN-GB,55,female,NA,4,6,1,2,2,2,2,1,2,2,1,2,2,1,2,2,2,2,1,1,1,1,1,1,1,2,2,2,2,2,2,2,2,1,2,2,2,2,2,1,2,2,2,2,2,2,2,1,1,1,1,1,1,1,1,2,2,2,2,2,3,3,3,3,3,2,3,3,6,4,5,6,4,3,3,4,3,3,3,3,5,6,4,4,1,2,7,7,3,3,6,6,3,3,2,1,2,1,2,1,1,1,1,2,2,1,2,4,NA,NA,NA,Masters degree
21/08/2018 17:08,21/08/2018 17:32,0,100,1452,1,21/08/2018 17:32,R_1etmGS83ONbuKTx,anonymous,EN-GB,26,female,NA,2,4,1,2,2,2,2,1,1,2,1,1,2,2,2,2,2,2,1,1,1,1,1,1,1,2,2,1,2,2,2,1,2,1,2,2,2,2,1,1,2,2,1,2,2,2,2,1,1,1,3,3,4,4,4,4,2,2,2,2,2,5,4,4,5,2,1,1,7,1,7,7,2,7,7,5,6,7,2,7,7,7,7,4,1,1,7,7,1,2,6,6,5,5,5,4,3,4,5,5,4,5,5,5,5,4,5,5,"I enjoyed the survey a lot, thanks!",NA,NA,Associate degree
21/08/2018 17:21,21/08/2018 17:33,0,100,734,1,21/08/2018 17:33,R_scAxjqkvuDt9JFn,anonymous,EN-GB,20,female,NA,2,2,1,2,1,2,2,2,2,2,2,1,1,1,2,1,1,1,2,1,1,1,1,1,1,2,2,1,1,2,2,2,2,1,2,2,2,2,1,1,2,2,1,1,2,2,2,2,1,1,3,1,1,4,4,4,5,5,5,3,3,4,3,4,5,3,1,1,7,2,7,7,6,2,1,7,7,3,4,5,6,7,7,3,1,1,7,7,1,1,6,7,3,4,2,1,1,2,5,2,1,1,4,5,2,1,2,5,NA,NA,NA,High School graduate
21/08/2018 17:13,21/08/2018 17:34,0,100,1210,1,21/08/2018 17:34,R_4I6FGXUsueXzfZ7,anonymous,EN-GB,27,female,NA,8,6,1,1,1,1,1,1,1,1,1,1,1,2,1,1,1,1,1,1,1,2,2,1,1,1,1,1,1,1,1,2,1,1,1,1,1,1,2,1,1,1,1,1,1,2,2,6,5,5,5,5,6,6,5,6,6,5,7,6,5,4,5,4,5,4,6,7,6,6,7,6,6,7,6,6,7,6,6,7,6,5,6,7,6,7,6,6,7,6,6,7,2,4,5,4,4,5,5,5,4,4,4,5,4,5,4,4,VERY NICE,NA,NA,Masters degree
21/08/2018 17:41,21/08/2018 17:50,0,100,544,1,21/08/2018 17:50,R_3QMp6ccqdbQb3Yt,anonymous,EN-GB,27,male,NA,4,2,1,2,2,2,2,1,1,2,2,2,2,1,2,2,2,2,1,1,1,1,1,1,1,2,2,1,2,2,2,2,2,1,2,2,2,2,2,1,2,2,1,2,2,2,2,2,1,2,3,2,1,1,1,2,2,2,2,1,3,4,4,4,3,4,5,5,7,5,7,7,2,6,3,3,5,6,5,5,6,5,5,5,5,5,6,5,3,2,6,6,2,2,4,1,2,2,5,4,1,1,4,5,4,4,4,5,"No comments, thank you very much.",NA,NA,High School graduate
21/08/2018 17:52,21/08/2018 17:56,0,100,237,1,21/08/2018 17:56,R_1JKgowHxc7jo38a,anonymous,EN-GB,30,female,NA,4,5,2,1,1,1,2,2,2,1,1,1,1,1,2,1,1,1,2,1,1,1,1,2,1,1,1,2,1,2,2,2,2,1,2,2,2,2,1,1,2,2,1,1,2,2,2,3,3,3,3,3,3,3,4,4,4,4,4,4,4,4,4,4,4,4,2,2,6,2,6,6,2,5,2,5,6,5,2,2,7,7,7,1,5,1,6,3,5,6,3,7,1,4,4,2,5,5,5,4,4,2,5,5,4,4,5,5,NA,NA,NA,Bachelors degree
21/08/2018 17:51,21/08/2018 17:57,0,100,318,1,21/08/2018 17:57,R_DMLCq2402pCvuJX,anonymous,EN-GB,29,male,NA,4,5,1,2,2,2,2,1,1,2,2,2,2,2,2,2,2,2,1,1,1,1,1,1,1,2,2,1,2,2,2,2,2,1,2,2,2,2,2,1,2,2,1,1,2,2,2,2,2,2,2,2,2,2,2,2,2,2,2,2,2,1,1,1,1,1,5,5,5,5,5,5,4,4,5,5,5,5,5,5,6,5,4,5,5,2,6,6,3,2,6,6,2,1,1,1,1,1,1,1,1,1,1,1,1,1,1,1,NA,NA,NA,Bachelors degree
21/08/2018 18:00,21/08/2018 18:03,0,100,218,1,21/08/2018 18:03,R_24YDlhvsKjTtNgl,anonymous,EN-GB,27,female,NA,8,6,1,1,1,1,1,1,1,1,2,1,1,1,1,1,2,1,1,1,1,1,1,1,1,2,1,1,1,1,1,1,1,1,1,1,1,1,1,2,1,1,1,1,1,2,1,2,1,2,3,2,1,2,3,2,1,2,2,2,3,3,4,4,5,4,5,6,6,7,6,5,5,6,7,6,5,6,5,5,6,6,7,6,6,5,5,7,6,NA,5,6,2,4,4,5,4,3,3,4,4,5,4,4,5,4,3,4,very nice,NA,NA,Masters degree
21/08/2018 17:58,21/08/2018 18:06,0,100,514,1,21/08/2018 18:06,R_2wjC6b57Pf9NaJb,anonymous,EN-GB,28,male,NA,10,5,1,1,1,1,1,1,1,2,2,1,1,1,1,1,1,2,1,2,1,1,1,1,1,1,1,1,2,1,1,1,2,1,1,1,1,1,1,1,1,2,1,1,1,1,2,2,2,3,3,3,2,3,3,3,2,3,3,3,3,4,3,4,2,3,6,5,6,5,6,5,6,5,5,6,5,5,6,5,4,5,4,4,6,5,5,5,6,5,5,5,2,4,3,3,3,3,3,4,3,3,3,4,3,3,3,3,NICE,NA,NA,Bachelors degree
21/08/2018 18:01,21/08/2018 18:08,0,100,451,1,21/08/2018 18:08,R_3ff4xPCZrB40Lo5,anonymous,EN-GB,31,male,NA,2,5,1,2,2,2,1,2,2,2,2,1,2,1,2,1,2,2,1,1,1,1,2,1,1,2,1,1,2,2,2,1,1,1,2,2,2,2,2,1,2,2,1,1,2,2,2,3,3,1,1,2,2,2,3,4,2,2,3,3,2,2,2,4,2,2,6,3,6,5,6,7,6,5,5,2,6,6,6,5,3,3,3,4,4,2,6,3,6,2,5,5,6,2,2,4,3,3,3,3,3,4,4,3,3,1,2,3,NONE,NA,NA,Bachelors degree
21/08/2018 17:51,21/08/2018 18:09,0,100,1053,1,21/08/2018 18:09,R_2ym7Uw8AtPlASmk,anonymous,EN-GB,22,male,NA,3,4,1,2,2,2,2,1,1,2,1,1,2,2,2,2,2,2,1,1,1,1,1,1,1,2,2,2,2,2,2,2,2,1,2,2,2,2,2,1,2,2,1,1,2,2,2,1,1,1,1,1,1,1,1,1,1,1,1,1,1,3,2,2,4,1,3,3,7,4,7,6,6,4,4,6,4,4,3,3,5,6,5,3,7,6,6,1,5,5,4,5,3,4,1,1,2,2,4,2,1,1,4,3,4,1,2,4,NA,NA,NA,Associate degree
21/08/2018 18:27,21/08/2018 18:32,0,100,312,1,21/08/2018 18:32,R_BFAAmEpgTlQBsvT,anonymous,EN-GB,45,female,NA,8,6,1,1,1,1,1,1,1,1,2,2,1,1,2,1,1,1,1,1,1,1,1,1,1,1,1,2,1,1,2,1,2,1,1,1,1,2,1,1,1,1,1,1,1,1,2,1,1,1,1,NA,1,1,1,7,7,1,1,1,2,4,4,5,4,5,6,5,6,6,5,6,6,5,6,6,6,6,6,5,6,5,6,5,6,4,5,5,6,4,6,6,4,4,3,4,5,5,5,4,4,5,5,4,5,4,5,4,good survey and good research,NA,NA,Masters degree
21/08/2018 18:38,21/08/2018 18:40,0,100,151,1,21/08/2018 18:40,R_1LwJZ3ArlROg3cM,anonymous,EN-GB,27,male,NA,2,5,1,1,1,1,1,1,1,2,1,1,1,1,1,1,1,1,1,1,1,1,1,1,2,1,1,1,2,1,1,1,1,1,1,1,1,1,1,1,1,1,1,1,1,1,1,3,4,4,3,4,5,4,5,4,4,5,5,3,5,4,5,4,5,4,7,6,6,7,6,6,6,7,6,6,6,7,6,6,7,7,6,6,6,6,6,7,6,7,6,7,2,4,5,4,4,5,4,5,4,5,4,5,4,4,5,5,VERY NICE,NA,NA,Bachelors degree
21/08/2018 18:34,21/08/2018 18:42,0,100,489,1,21/08/2018 18:42,R_2aPQ3pM8P7e5JPt,anonymous,EN-GB,39,male,NA,3,2,1,2,2,2,2,1,1,2,2,2,2,2,2,2,2,2,1,2,1,1,1,1,1,2,2,1,2,1,2,2,2,1,2,2,2,2,2,1,2,2,1,2,2,2,2,1,1,1,1,1,1,1,1,1,1,1,1,1,1,1,1,1,1,1,4,4,4,5,5,6,4,4,3,2,5,4,4,4,5,5,4,5,5,1,6,7,7,1,7,7,2,1,2,1,2,1,1,1,2,1,5,2,2,1,3,3,NA,NA,NA,High School graduate
21/08/2018 18:35,21/08/2018 18:43,0,100,502,1,21/08/2018 18:43,R_3Pbian4j7HJzIUc,anonymous,EN-GB,32,female,NA,9,6,1,2,1,2,2,1,1,1,1,1,2,1,2,2,2,1,1,1,1,1,1,1,1,2,2,1,2,1,1,1,1,2,1,1,1,1,2,2,1,1,2,2,1,1,1,3,3,2,2,2,3,1,4,3,3,4,2,3,3,4,4,4,5,3,3,2,6,4,6,6,7,4,3,5,6,3,3,4,7,5,4,4,2,1,6,7,4,3,7,7,5,2,3,2,2,3,3,3,2,3,4,4,3,2,2,4,NA,NA,NA,Masters degree
21/08/2018 18:34,21/08/2018 18:43,0,100,556,1,21/08/2018 18:43,R_3DewxboCslxZafD,anonymous,EN-GB,71,female,NA,7,5,1,2,2,2,2,1,2,2,1,2,2,1,2,2,2,2,1,1,1,1,1,1,1,2,2,1,2,1,2,1,2,1,2,2,2,2,2,1,2,2,1,2,1,2,2,2,2,2,2,1,2,3,3,4,4,4,4,3,3,5,5,5,5,5,1,1,7,1,7,7,6,3,3,3,6,5,1,1,7,7,7,1,1,1,7,7,1,1,7,7,2,2,5,1,1,1,1,5,1,1,4,1,4,1,1,5,"none, thank you",NA,NA,Bachelors degree
21/08/2018 18:34,21/08/2018 18:46,0,100,739,1,21/08/2018 18:46,R_2iD2qyJOkFPc1Md,anonymous,EN-GB,26,male,NA,4,2,1,2,2,2,2,1,2,2,1,2,2,1,1,2,1,2,1,1,1,1,1,1,1,2,2,2,2,2,2,2,2,1,2,1,2,1,2,1,1,2,2,2,2,2,2,2,2,2,3,2,2,4,3,3,3,4,3,3,4,2,2,2,2,2,4,5,6,4,6,6,5,4,3,3,5,4,4,2,5,4,3,3,2,2,6,6,3,2,6,6,3,2,2,2,2,4,3,2,3,2,4,3,2,3,3,4,NA,NA,NA,High School graduate
21/08/2018 18:37,21/08/2018 18:47,0,100,597,1,21/08/2018 18:47,R_WvUNS7NKU4VDHsl,anonymous,EN-GB,37,female,NA,6,4,1,2,2,2,2,1,1,2,1,1,2,1,2,1,2,2,2,1,1,1,1,1,1,1,2,2,1,2,2,2,2,1,2,2,2,2,2,1,2,2,2,2,2,2,2,2,1,1,1,2,2,2,2,3,3,3,3,2,2,2,2,2,4,2,5,4,5,5,3,6,3,5,5,3,2,6,5,5,6,3,3,5,2,2,6,6,2,1,6,7,4,2,1,1,2,1,1,1,2,1,2,1,1,1,2,4,NA,NA,NA,Associate degree
21/08/2018 18:43,21/08/2018 18:47,0,100,232,1,21/08/2018 18:47,R_9XgGTydqeACtMlj,anonymous,EN-GB,37,male,NA,10,6,1,2,2,1,1,2,2,1,1,2,1,1,1,2,1,1,1,2,2,1,1,1,2,2,1,2,2,1,2,2,1,1,1,2,2,1,1,1,1,2,2,1,1,2,1,7,6,5,6,7,6,5,6,7,6,5,6,7,6,5,4,NA,4,5,7,6,7,6,7,6,7,6,7,6,7,6,7,6,7,5,7,6,7,6,7,6,7,6,7,7,4,5,4,5,4,5,5,4,5,4,5,5,4,5,5,5,NICE,NA,NA,Masters degree
21/08/2018 18:43,21/08/2018 18:50,0,100,417,1,21/08/2018 18:50,R_1OZEFqBVRGyKnPU,anonymous,EN-GB,35,female,NA,9,6,2,2,2,1,1,1,1,2,1,1,1,1,1,1,1,1,1,1,1,2,2,1,2,1,1,1,2,1,2,2,1,1,2,2,1,1,2,1,1,1,2,1,1,1,1,2,3,1,2,3,2,2,1,2,2,3,4,3,2,4,3,4,4,3,6,5,5,6,6,5,4,6,6,5,5,6,6,4,5,6,5,4,6,5,4,6,5,4,5,6,2,4,4,3,4,4,3,4,3,5,3,4,4,3,4,3,very nice survey,NA,NA,Masters degree
21/08/2018 18:46,21/08/2018 18:51,0,100,284,1,21/08/2018 18:51,R_3JlxeJ4JiT0Uc4i,anonymous,EN-GB,30,male,NA,1,5,1,2,2,2,2,1,1,2,2,2,2,2,2,2,2,2,1,1,1,1,1,1,1,2,1,1,2,2,2,2,2,1,2,1,2,1,2,2,2,2,2,2,2,1,2,2,2,2,2,1,2,3,4,NA,3,4,3,4,3,1,1,1,1,1,2,2,6,1,7,7,3,2,2,2,2,4,4,4,4,4,4,4,6,6,3,2,6,7,1,7,5,4,3,4,3,2,2,2,1,2,2,3,4,3,3,3,NA,NA,NA,Bachelors degree
21/08/2018 19:07,21/08/2018 19:10,0,100,217,1,21/08/2018 19:10,R_2TQKWpjK0DusQqA,anonymous,EN-GB,30,female,NA,7,5,2,2,2,2,1,1,1,2,1,1,1,1,2,2,2,1,1,1,2,2,2,1,1,2,1,2,2,2,1,1,2,2,1,2,2,2,1,1,1,2,2,1,1,2,2,1,2,1,3,3,1,2,3,2,1,3,2,2,1,3,4,4,3,4,6,5,5,4,4,5,5,4,5,4,6,5,5,4,5,5,5,4,6,4,5,6,6,5,5,4,2,4,3,4,5,4,4,3,3,3,5,4,3,3,4,4,nice,NA,NA,Bachelors degree
21/08/2018 19:07,21/08/2018 19:11,0,100,209,1,21/08/2018 19:11,R_2wB0poyhRUpF35T,anonymous,EN-GB,21,male,NA,8,5,1,1,2,2,2,1,1,2,1,1,1,2,1,2,2,1,2,2,1,1,1,2,1,2,1,1,2,2,1,2,1,1,2,2,2,1,2,1,2,1,1,2,1,1,1,1,1,2,1,2,1,2,1,2,1,2,1,2,1,5,4,5,4,5,7,6,7,6,7,6,7,6,7,6,7,6,7,6,7,6,7,6,7,6,7,6,7,6,7,6,6,5,4,5,4,5,5,4,5,4,5,5,4,5,4,5,good,NA,NA,Bachelors degree
21/08/2018 19:07,21/08/2018 19:13,0,100,395,1,21/08/2018 19:13,R_2c02fF3y4Db9brP,anonymous,EN-GB,27,female,NA,3,6,1,1,1,1,1,1,1,1,1,2,1,2,1,2,1,1,1,2,1,1,1,1,1,1,1,1,1,1,1,1,1,1,1,1,1,1,2,1,1,1,1,2,2,1,1,1,3,2,3,1,2,3,2,2,1,2,3,2,1,4,5,5,4,5,6,7,6,6,7,6,7,7,6,7,6,7,6,6,7,6,7,6,6,6,7,7,6,7,6,7,6,4,5,4,5,4,4,4,5,5,4,4,4,5,4,5,"very nice,this survey is very interesting",NA,NA,Masters degree
21/08/2018 19:10,21/08/2018 19:16,0,100,363,1,21/08/2018 19:16,R_23TO8R8PJ5a2aMX,anonymous,EN-GB,25,female,NA,7,5,2,1,2,2,1,1,1,2,2,2,2,1,2,1,1,1,1,1,1,1,2,1,1,1,1,1,1,1,1,1,2,1,2,2,1,1,2,1,1,2,1,2,1,1,2,2,2,2,2,3,2,2,3,NA,3,2,2,3,2,3,4,3,3,4,5,6,5,4,5,6,5,4,5,5,4,5,5,6,5,5,4,5,5,6,5,4,5,6,5,4,4,4,5,4,3,4,3,4,3,4,3,4,3,4,3,4,it was very good experience,NA,NA,Bachelors degree
21/08/2018 19:06,21/08/2018 19:17,0,100,637,1,21/08/2018 19:17,R_3hhfawVJKJVzq9I,anonymous,EN-GB,25,male,NA,2,5,1,2,2,2,2,1,1,2,2,2,2,2,2,2,2,2,1,1,1,1,1,1,1,2,2,1,2,1,2,2,2,1,2,2,2,2,2,1,1,2,2,2,2,2,2,2,1,1,2,2,2,3,3,1,1,4,4,3,4,1,1,1,1,1,3,4,7,3,7,7,6,3,2,7,7,5,6,4,6,5,5,6,5,5,7,2,3,4,5,7,3,5,5,2,4,3,4,5,2,5,5,5,5,2,5,5,NA,NA,NA,Bachelors degree
21/08/2018 19:13,21/08/2018 19:20,0,100,423,1,21/08/2018 19:20,R_1N4i2W9X2xKb82P,anonymous,EN-GB,31,male,NA,4,2,1,2,2,2,2,1,1,2,2,2,2,2,2,2,2,2,1,1,1,1,1,1,1,2,2,1,1,2,2,2,2,1,2,2,2,1,2,1,1,2,2,1,2,2,2,2,1,1,2,2,1,3,3,3,2,3,3,2,3,1,1,1,1,1,1,1,7,1,6,7,4,5,3,3,3,5,1,1,5,6,5,2,5,3,6,2,3,3,5,5,3,3,2,1,1,2,2,1,1,1,2,3,1,1,3,5,I like how the survey didn't include any writing sections.,NA,NA,High School graduate
21/08/2018 19:16,21/08/2018 19:25,0,100,523,1,21/08/2018 19:25,R_2QG3yu89TJNbI8d,anonymous,EN-GB,31,female,NA,7,4,1,2,1,1,2,1,2,1,1,2,1,1,2,2,2,2,2,1,1,1,1,1,1,2,2,2,2,1,1,1,1,2,1,1,1,1,2,2,1,1,2,2,1,1,1,4,4,4,4,4,4,4,4,4,4,4,4,4,4,1,1,1,1,1,1,1,7,1,7,7,7,1,1,7,7,5,1,1,7,7,7,7,1,NA,1,7,1,7,7,7,1,4,4,1,1,1,1,1,1,1,5,1,1,1,4,4,NA,NA,NA,Associate degree
21/08/2018 19:13,21/08/2018 19:29,0,100,988,1,21/08/2018 19:29,R_324oDhuxaO30Yor,anonymous,EN-GB,59,male,NA,3,2,1,2,2,2,2,1,1,2,2,2,2,2,2,2,2,2,1,1,2,1,1,1,1,2,2,1,2,2,2,2,2,1,2,2,2,2,2,1,2,2,1,1,1,2,2,2,2,2,2,2,2,2,2,2,2,2,2,2,2,1,1,1,1,1,3,1,1,1,1,5,6,5,6,5,6,5,6,6,6,5,5,6,2,2,5,6,1,6,6,6,3,4,4,2,1,1,4,4,2,4,4,2,4,2,4,4,NA,NA,NA,High School graduate
21/08/2018 19:40,21/08/2018 19:42,0,100,123,1,21/08/2018 19:42,R_qENio1mKnqQkKPL,anonymous,EN-GB,27,female,NA,8,5,1,1,1,1,2,1,1,1,1,2,1,1,2,1,2,1,2,1,1,1,1,2,2,1,2,2,1,1,1,1,1,1,1,1,1,1,1,1,1,1,1,2,1,1,1,3,5,4,3,4,3,4,3,4,3,4,3,4,5,4,5,4,5,4,6,7,6,6,7,7,6,6,7,6,7,7,6,7,6,6,7,6,6,7,6,7,6,7,6,7,2,4,5,4,4,5,4,5,4,4,5,4,5,4,5,4,VERY NICE,NA,NA,Bachelors degree
21/08/2018 19:42,21/08/2018 19:45,0,100,197,1,21/08/2018 19:45,R_2sXBhKzL9jqxYXl,anonymous,EN-GB,27,female,NA,2,6,1,1,1,1,1,1,2,1,1,1,1,1,1,1,1,1,2,1,1,1,1,1,1,1,1,1,1,1,1,1,1,1,1,1,1,1,1,1,1,1,1,1,1,1,1,2,2,3,3,2,3,4,3,3,2,3,3,2,3,4,5,4,5,4,7,6,6,7,6,6,7,6,7,6,6,7,6,7,6,6,7,6,6,7,6,7,6,7,6,6,6,4,5,4,4,5,4,5,4,4,5,5,4,5,4,4,very nice,NA,NA,Masters degree
21/08/2018 19:39,21/08/2018 19:46,0,100,430,1,21/08/2018 19:46,R_3qUOHT5EPXM5RUn,anonymous,EN-GB,32,male,NA,3,5,1,2,2,2,2,2,1,2,2,2,2,2,2,2,2,2,1,1,1,2,1,1,1,2,2,1,2,1,2,2,2,1,2,2,2,2,2,1,2,2,1,1,2,2,2,3,2,2,2,2,3,2,3,3,3,4,4,2,2,1,2,1,1,1,2,3,2,5,4,4,5,3,4,5,3,5,3,5,2,4,3,5,3,5,5,5,6,3,5,5,4,2,4,3,4,3,3,4,3,3,3,4,2,3,2,3,NA,NA,NA,Bachelors degree
21/08/2018 19:39,21/08/2018 19:47,0,100,464,1,21/08/2018 19:47,R_DBkLS1SWmysIkil,anonymous,EN-GB,70,male,NA,8,6,1,2,2,2,2,1,1,2,2,2,2,2,2,2,2,2,1,1,1,2,1,1,1,2,2,2,2,1,2,2,2,1,2,2,2,2,2,1,1,2,2,1,2,2,2,1,1,1,1,1,1,1,1,1,1,1,1,1,1,1,1,1,1,1,5,5,5,3,5,6,6,3,5,5,5,6,5,6,3,3,3,5,2,2,6,6,2,2,6,6,3,2,2,1,2,1,1,1,1,2,2,2,2,1,2,2,none.,NA,NA,Masters degree
21/08/2018 19:41,21/08/2018 19:47,0,100,373,1,21/08/2018 19:47,R_3FJTAhNisPs3ndq,anonymous,EN-GB,32,female,NA,6,4,1,2,2,2,2,1,1,2,2,2,2,2,2,2,2,2,1,1,1,1,1,1,1,2,2,1,2,2,2,2,2,1,2,2,2,2,2,1,2,2,1,1,2,2,2,1,1,1,2,1,2,3,2,1,1,1,1,2,3,2,2,1,3,2,2,2,5,2,3,5,5,3,6,5,5,5,1,1,7,6,7,2,1,1,7,7,1,1,7,7,1,1,1,1,1,1,1,1,1,1,2,1,1,1,1,2,NA,NA,NA,Associate degree
21/08/2018 19:41,21/08/2018 19:47,0,100,374,1,21/08/2018 19:47,R_29piEPwusYJwOmK,anonymous,EN-GB,35,male,NA,8,2,1,2,2,2,2,1,1,2,2,2,2,2,2,2,2,2,1,1,1,1,1,1,1,2,2,1,2,2,2,2,2,1,2,2,2,2,2,1,2,2,1,1,2,2,2,1,1,1,1,NA,1,1,1,1,1,1,1,1,1,1,1,1,1,1,1,2,6,3,5,6,7,1,1,6,6,3,1,1,7,7,7,1,1,1,7,7,1,1,7,7,2,4,3,2,2,1,3,2,5,1,1,2,2,1,4,4,NA,NA,NA,High School graduate
21/08/2018 19:41,21/08/2018 19:48,0,100,438,1,21/08/2018 19:48,R_32X9Yln3TwHtdNB,anonymous,EN-GB,57,female,NA,10,5,1,2,2,2,2,2,1,2,2,2,2,2,2,1,2,2,1,1,1,1,1,1,1,2,2,1,2,2,2,2,2,1,2,2,2,2,1,1,2,2,2,1,2,2,2,1,1,1,1,1,1,2,2,2,2,2,2,2,2,2,2,2,4,2,3,2,4,3,3,5,3,5,5,3,4,5,4,4,3,3,3,5,1,1,7,7,1,1,7,7,3,2,2,2,3,2,2,2,2,2,2,2,2,2,3,4,NA,NA,NA,Bachelors degree
21/08/2018 19:40,21/08/2018 19:50,0,100,597,1,21/08/2018 19:50,R_10pdTusTMZddrHW,anonymous,EN-GB,49,male,NA,4,5,1,2,2,2,2,1,1,2,2,2,2,2,2,2,2,2,1,1,1,1,1,1,1,2,2,1,2,1,2,2,2,1,2,2,2,2,2,1,2,2,1,2,2,2,2,1,1,1,1,1,1,1,1,1,1,1,1,1,1,1,1,1,1,1,3,2,3,2,6,6,4,4,6,4,5,6,5,5,3,3,3,4,4,3,5,6,3,3,5,6,1,3,2,2,2,2,2,2,2,2,2,2,2,2,2,2,NA,NA,NA,Bachelors degree
21/08/2018 19:47,21/08/2018 20:05,0,100,1088,1,21/08/2018 20:05,R_2wib5ttuTauHxMQ,anonymous,EN-GB,48,female,NA,3,5,1,2,2,2,2,1,1,2,2,2,2,1,2,2,2,2,1,1,1,1,1,1,1,2,2,1,2,2,2,2,2,1,1,1,2,1,2,2,1,1,2,2,2,1,2,2,2,1,2,2,2,2,3,2,3,3,3,3,3,2,2,1,2,1,3,3,6,4,6,6,3,4,4,3,4,4,4,3,5,4,2,4,1,1,6,7,3,3,5,5,4,1,2,1,2,2,1,1,1,1,2,2,1,1,3,4,NA,NA,NA,Bachelors degree
21/08/2018 20:12,21/08/2018 20:17,0,100,332,1,21/08/2018 20:17,R_2VBV1xIZh6Z9uFn,anonymous,EN-GB,30,female,NA,9,5,2,1,1,1,1,1,1,1,1,1,1,1,1,2,2,2,1,1,1,1,1,2,2,2,1,1,1,2,1,1,2,1,2,1,1,1,1,1,1,1,1,2,1,1,2,5,2,3,4,2,5,3,5,3,2,3,4,3,4,4,3,4,3,5,6,4,7,5,6,4,6,5,6,3,6,5,6,5,6,3,6,5,6,4,5,3,6,5,6,7,6,4,3,4,3,4,4,3,5,4,5,4,3,4,4,3,nice,NA,NA,Bachelors degree
21/08/2018 20:11,21/08/2018 20:18,0,100,363,1,21/08/2018 20:18,R_1Nmg9qngj3NRZVo,anonymous,EN-GB,29,male,NA,1,4,1,2,2,2,2,1,1,2,2,2,2,2,2,2,2,2,1,1,2,2,2,1,2,2,2,1,2,2,2,2,2,1,2,2,2,2,2,1,2,2,1,1,2,2,2,3,2,2,3,2,2,1,2,2,2,2,1,1,2,2,1,1,1,1,3,3,5,2,6,5,6,2,2,5,6,4,4,2,4,2,6,3,6,5,1,1,1,6,2,2,4,1,1,1,1,1,1,1,1,1,1,1,1,1,1,1,NA,NA,NA,Associate degree
21/08/2018 20:13,21/08/2018 20:20,0,100,415,1,21/08/2018 20:20,R_1nYExPrOkx3JBjm,anonymous,EN-GB,30,female,NA,NA,2,1,2,2,2,2,1,1,2,1,2,2,2,2,2,1,2,1,1,1,1,1,1,1,2,2,1,2,2,2,2,2,1,2,2,2,2,2,1,2,2,1,1,2,2,2,1,1,1,1,1,1,1,1,1,1,1,1,1,1,1,2,1,2,1,5,5,6,5,7,7,3,5,3,3,6,5,5,3,6,6,3,5,5,4,5,6,2,2,6,6,3,1,4,1,1,1,3,3,4,1,1,1,3,1,4,5,NA,NA,NA,High School graduate
21/08/2018 20:13,21/08/2018 20:21,0,100,472,1,21/08/2018 20:21,R_OBV5DADs7MLVrJD,anonymous,EN-GB,28,male,NA,10,4,1,2,2,2,2,1,1,2,2,2,2,2,2,2,2,2,1,1,1,1,1,1,1,2,2,1,2,2,2,2,1,1,2,2,2,2,2,1,2,2,1,2,2,2,2,1,1,1,1,1,1,1,1,1,1,1,1,1,1,3,3,4,4,3,4,3,6,4,6,6,6,3,4,4,5,5,6,5,5,5,4,4,4,3,5,5,3,6,3,5,2,1,1,2,2,2,1,1,2,1,3,2,1,2,2,3,NA,NA,NA,Associate degree
21/08/2018 20:17,21/08/2018 20:25,0,100,491,1,21/08/2018 20:25,R_3esKhuHyhtIhPrG,anonymous,EN-GB,56,female,NA,8,2,1,2,2,2,2,1,1,2,1,1,2,2,2,2,2,2,1,1,1,1,1,1,1,2,2,2,2,2,2,2,2,1,1,2,2,2,2,1,2,2,2,1,2,2,2,2,2,2,2,2,2,4,4,4,4,4,4,3,4,4,2,2,3,2,3,3,5,4,5,5,4,5,4,4,4,4,4,4,6,6,5,4,5,5,4,4,5,5,4,4,3,2,2,2,2,2,2,2,3,2,2,3,3,3,4,5,thanx,NA,NA,High School graduate
21/08/2018 20:13,21/08/2018 20:28,0,100,930,1,21/08/2018 20:28,R_yVAcuYGFQF7yJc5,anonymous,EN-GB,25,male,NA,8,2,1,2,2,2,2,1,1,2,2,2,2,1,2,2,2,2,1,1,1,1,1,1,1,2,2,1,2,2,1,2,2,1,2,2,2,2,2,1,2,2,1,2,2,2,2,2,2,2,2,3,3,1,2,1,1,1,2,2,2,1,1,1,4,1,4,4,5,4,6,6,3,4,3,5,4,4,2,2,6,4,3,4,3,2,6,6,2,3,3,5,4,3,3,2,2,2,3,2,2,2,2,2,2,3,2,2,NA,NA,NA,High School graduate
21/08/2018 20:20,21/08/2018 20:30,0,100,596,1,21/08/2018 20:30,R_1gdL1NGxzDclQIS,anonymous,EN-GB,30,female,NA,3,5,1,1,2,1,1,1,1,1,1,1,2,1,2,1,1,1,1,1,1,1,2,1,1,1,1,2,1,1,2,1,2,1,1,1,1,1,1,1,1,2,1,1,1,1,2,3,4,2,2,2,2,2,2,3,3,3,3,3,3,4,2,4,2,2,5,5,4,5,5,5,5,6,6,6,5,5,5,5,4,5,5,5,5,5,4,5,5,5,6,6,2,3,4,4,3,3,4,4,4,3,3,3,3,4,4,4,no comments,NA,NA,Bachelors degree
21/08/2018 20:12,21/08/2018 20:34,0,100,1360,1,21/08/2018 20:34,R_a90llnAPSKsTtjb,anonymous,EN-GB,30,male,NA,7,2,2,1,1,1,2,2,2,1,1,1,1,1,1,1,1,1,2,2,2,2,1,2,1,1,1,2,1,2,2,2,2,1,2,2,2,2,1,1,2,2,1,1,2,2,2,3,2,1,2,1,2,4,4,4,3,4,4,4,3,2,2,1,2,2,2,2,2,2,6,6,6,2,2,6,6,4,2,2,4,4,3,5,1,1,7,7,1,1,7,7,3,5,5,4,5,5,5,5,5,5,5,5,5,3,5,5,Enjoyed,NA,NA,High School graduate
21/08/2018 20:44,21/08/2018 20:49,0,100,280,1,21/08/2018 20:49,R_1i3Yc94twVDOzPW,anonymous,EN-GB,28,male,NA,4,2,1,2,2,2,2,1,1,2,1,2,2,2,2,2,2,2,1,1,1,1,1,1,1,2,2,1,2,2,2,2,2,1,2,2,2,2,2,1,2,2,2,2,2,2,2,2,2,2,2,2,2,1,2,2,2,2,2,2,2,2,2,2,4,2,2,2,7,2,7,7,6,4,4,4,6,4,6,2,2,6,4,2,1,1,7,7,2,1,7,7,1,4,3,2,2,2,4,2,3,4,4,5,3,3,4,5,NA,NA,NA,High School graduate
21/08/2018 20:44,21/08/2018 20:51,0,100,382,1,21/08/2018 20:51,R_yKZ4k3jMdY0GNxL,anonymous,EN-GB,49,male,NA,3,6,1,2,2,2,2,1,1,2,2,2,2,2,2,2,2,2,1,1,1,1,2,1,1,2,2,1,2,2,2,1,1,2,1,1,1,1,2,2,1,1,2,2,1,1,1,2,1,1,2,2,2,4,2,4,2,4,2,2,4,1,1,1,1,1,2,2,6,3,6,6,2,6,6,2,4,6,1,1,6,7,5,4,1,1,7,4,4,4,4,4,7,1,1,1,1,1,1,1,1,1,1,1,1,1,1,1,NA,NA,NA,Masters degree
21/08/2018 20:45,21/08/2018 20:51,0,100,317,1,21/08/2018 20:51,R_sLK7LIpDbKh3bvX,anonymous,EN-GB,34,male,NA,3,2,2,2,1,1,2,2,2,1,2,1,1,2,1,1,1,1,2,2,2,2,2,2,2,2,1,2,1,2,2,2,2,1,2,1,2,2,2,1,2,2,1,1,2,2,2,4,4,4,4,3,4,3,4,5,3,5,4,3,4,4,4,4,4,4,1,1,1,1,7,1,3,3,5,3,3,4,3,4,3,4,4,4,4,4,4,4,4,4,4,4,5,3,3,3,3,3,3,3,3,3,3,3,NA,3,3,3,NA,NA,NA,High School graduate
21/08/2018 20:44,21/08/2018 20:56,0,100,709,1,21/08/2018 20:56,R_3krj0uGmQL4Cxrz,anonymous,EN-GB,59,male,NA,8,2,1,2,2,2,2,1,1,2,2,2,2,1,2,2,2,2,1,1,1,1,1,1,1,2,2,1,2,1,2,2,2,1,2,2,2,2,2,1,2,2,2,1,2,2,2,1,1,1,1,1,1,2,2,2,2,2,2,1,2,4,2,3,2,3,4,4,5,5,4,5,3,5,4,2,3,4,3,2,6,6,6,2,1,1,7,7,1,1,7,7,2,1,1,1,1,1,1,1,1,1,1,1,1,1,1,4,NA,NA,NA,High School graduate
21/08/2018 20:44,21/08/2018 20:57,0,100,786,1,21/08/2018 20:57,R_2TH6575lsJnOK0h,anonymous,EN-GB,29,male,NA,7,4,1,2,2,2,2,1,1,2,2,2,2,1,2,2,2,2,1,1,1,2,1,1,1,2,2,1,2,2,2,2,2,1,2,2,2,2,1,1,2,2,1,1,2,2,2,3,2,2,2,2,3,3,3,2,2,2,2,2,2,2,2,2,2,2,5,5,3,5,3,4,3,5,5,3,3,5,3,3,5,4,5,3,4,3,5,5,3,3,5,5,5,2,2,2,2,3,2,2,2,2,3,2,2,3,3,2,NA,NA,NA,Associate degree
21/08/2018 21:01,21/08/2018 21:05,0,100,264,1,21/08/2018 21:05,R_QfTgRtcrGrOgKid,anonymous,EN-GB,28,female,NA,5,6,1,2,2,1,2,1,2,1,1,1,2,2,2,2,1,2,2,1,1,1,1,1,1,2,2,2,2,2,2,2,2,1,2,2,2,2,2,2,2,2,2,2,2,2,2,3,2,2,2,3,3,3,3,3,3,3,3,3,3,3,3,3,3,3,4,4,4,4,4,4,4,5,4,4,3,5,6,6,6,6,6,6,1,1,6,6,1,1,6,6,4,2,2,2,2,2,2,2,2,2,2,2,2,2,2,2,NA,NA,NA,Masters degree
21/08/2018 20:58,21/08/2018 21:06,0,100,484,1,21/08/2018 21:06,R_3Rmj7f3wpibWheP,anonymous,EN-GB,42,female,NA,7,5,1,1,1,1,2,2,2,1,1,1,1,2,1,1,1,1,2,1,2,1,1,2,2,2,1,2,2,2,1,1,2,1,1,1,2,1,2,1,2,1,2,2,1,1,2,3,3,3,3,4,4,4,4,3,3,4,4,4,4,2,2,1,2,2,3,3,5,5,5,5,5,3,4,3,3,4,3,3,3,3,2,3,2,1,6,6,5,5,5,5,5,4,4,3,4,4,2,3,3,3,3,4,3,3,3,3,NA,NA,NA,Bachelors degree
21/08/2018 20:58,21/08/2018 21:07,0,100,548,1,21/08/2018 21:07,R_3hAOAfSQrsdc223,anonymous,EN-GB,29,male,NA,3,2,1,2,2,2,2,1,1,2,1,2,2,1,2,2,1,2,1,1,1,1,1,1,1,2,2,2,2,2,2,2,2,1,2,2,2,2,2,1,2,2,2,1,2,2,2,1,1,1,1,1,1,2,2,2,2,1,2,2,2,1,1,1,1,1,4,4,6,3,7,7,4,5,5,4,6,7,6,5,5,6,5,6,1,1,7,7,1,2,7,7,4,2,2,1,2,2,2,2,2,2,4,3,2,2,2,4,NA,NA,NA,High School graduate
21/08/2018 21:19,21/08/2018 21:24,0,100,337,1,21/08/2018 21:24,R_2cvf7sA9PPnfDxf,anonymous,EN-GB,34,male,NA,8,5,1,2,2,2,2,1,1,2,2,2,2,1,2,2,2,2,1,1,1,1,1,1,1,2,2,1,1,2,2,2,2,1,2,2,2,2,2,1,2,2,1,1,2,2,2,2,2,1,3,2,1,2,2,3,2,1,1,2,3,4,3,2,2,2,3,3,6,2,6,6,5,3,3,6,6,4,2,2,7,7,7,4,1,1,7,7,4,5,5,4,2,4,3,1,1,1,4,3,1,1,2,4,4,1,5,4,NA,NA,NA,Bachelors degree
21/08/2018 21:17,21/08/2018 21:25,0,100,450,1,21/08/2018 21:25,R_1o1Ecnl8h3ttikt,anonymous,EN-GB,32,male,NA,6,5,1,2,2,2,2,1,1,2,2,2,2,2,2,2,2,2,1,1,1,1,1,1,1,2,2,1,2,2,2,2,2,1,2,2,2,2,2,1,2,2,1,1,2,2,2,1,1,1,1,1,1,1,2,2,2,2,2,1,2,1,1,1,1,1,4,4,6,4,5,6,6,3,4,5,6,5,1,1,6,6,6,2,1,1,7,6,2,2,7,7,1,4,2,1,1,1,1,1,1,1,3,2,1,1,2,5,NA,NA,NA,Bachelors degree
21/08/2018 21:18,21/08/2018 21:25,0,100,424,1,21/08/2018 21:25,R_2cnkh0mTkFZDQcQ,anonymous,EN-GB,46,male,NA,4,4,1,2,2,2,2,1,1,2,1,2,2,1,2,2,2,2,1,1,1,1,1,1,1,2,2,1,2,1,1,1,1,2,2,1,1,1,2,2,1,1,2,2,1,1,1,3,2,2,3,2,2,3,4,4,3,3,3,2,2,2,3,3,4,2,4,5,4,3,5,6,3,5,4,2,4,5,4,4,4,2,2,6,2,1,7,7,6,2,6,6,3,4,1,1,1,3,5,4,2,1,3,5,2,3,1,3,NA,NA,NA,Associate degree
21/08/2018 21:20,21/08/2018 21:26,0,100,351,1,21/08/2018 21:26,R_2ydyuRJtq1PB1DY,anonymous,EN-GB,30,male,NA,4,4,1,2,2,2,2,1,1,1,1,2,2,1,2,2,2,2,1,1,1,1,1,1,1,2,2,2,2,2,2,2,2,1,2,2,2,2,1,1,2,2,2,2,2,2,2,1,1,1,1,1,1,2,2,2,2,2,2,2,2,2,2,2,2,2,3,4,6,3,6,6,5,4,4,5,5,5,4,4,3,3,3,5,2,2,6,6,2,3,5,5,4,1,2,1,2,1,1,1,1,1,2,2,1,1,2,5,NA,NA,NA,Associate degree
21/08/2018 21:18,21/08/2018 21:26,0,100,492,1,21/08/2018 21:26,R_3nOwOZUEtxyzY8u,anonymous,EN-GB,42,female,NA,2,5,2,1,1,1,1,2,2,1,1,1,1,1,1,1,1,1,2,2,2,2,2,2,2,1,1,2,1,2,2,2,2,1,2,2,2,2,2,1,2,2,1,1,2,2,2,4,4,3,3,4,4,6,5,5,5,5,5,5,5,3,3,3,3,3,4,3,5,3,5,5,3,4,4,3,4,4,5,4,4,4,4,4,2,2,6,6,2,2,6,6,3,3,4,4,4,4,4,4,3,4,4,4,4,3,4,4,None,NA,NA,Bachelors degree
21/08/2018 21:24,21/08/2018 21:40,0,100,952,1,21/08/2018 21:40,R_aVqNkIeJXsJymzf,anonymous,EN-GB,54,female,NA,8,6,1,2,2,2,2,1,1,2,2,2,2,1,2,1,2,2,1,1,1,1,1,1,1,2,2,1,1,2,2,2,2,1,2,2,2,2,2,1,2,2,2,2,2,2,2,1,1,1,1,1,1,1,2,2,2,2,2,1,2,5,3,4,4,3,4,4,6,5,4,5,4,4,4,4,5,4,2,2,7,5,4,1,1,1,7,7,1,1,7,7,1,3,1,1,1,1,1,1,1,1,1,1,1,1,1,3,"Yes, though human activity is largely responsible for global warming, it would be wrong to say ALL.  There are likely other culprits in the model.
Also, the materials in vaccinations are dangerous.  The idea is that the amount is so small - that it is not dangerous in those quantities (your statement just wanted to know if the ingredients were safe or not).  Those substances are not 'safe' -but, rather, safe in those quantities.
Moreover, I used to live with an old Army guy who was in special forces.  He did something that were pretty terrible around the world.  Our government really does do some thing that we don't hear about.  I don't believe in conspiracy theories, but he was in charge (really, in charge) of that whole guns/drugs thing in Central America (remember Reagan).  Plus a few more things.......so, we're not always perfect out there (in the world). 

Good luck with your research!",NA,NA,Masters degree
21/08/2018 21:43,21/08/2018 21:56,0,100,766,1,21/08/2018 21:56,R_274mz3WltFgsXt9,anonymous,EN-GB,65,female,NA,1,4,2,1,1,1,2,2,2,1,1,1,1,1,1,1,1,1,2,2,2,2,1,2,1,2,2,2,2,2,1,1,1,1,1,1,1,1,2,2,1,2,2,2,1,1,2,2,2,3,3,3,5,5,6,5,5,4,5,5,5,2,2,1,5,2,2,1,6,1,6,5,3,5,3,3,3,5,2,1,6,7,6,2,3,1,5,7,5,3,6,6,6,4,4,1,4,4,4,4,1,4,4,4,4,2,4,5,"Climate change seems normal. We cannot expect the climate to accommodate us. It does what it wants to do. Now I think environmentalists made laws to not allow the woods and forests of California to be cleared and cleaned as they ought to have been. So now we have fires from that dry, dead flesh of the forests. That is our fault. Think how the earth would be without humans to clear that brush away at all. Would it burn as hell fire forever? Or just burn itself out and start anew as the Phoenix?",NA,NA,Associate degree
21/08/2018 21:58,21/08/2018 22:03,0,100,291,1,21/08/2018 22:03,R_3eY4WJVb4A0TvaN,anonymous,EN-GB,35,male,NA,8,6,1,1,1,1,1,1,1,2,1,1,1,1,1,1,1,1,1,1,1,1,1,1,1,1,1,1,1,1,1,1,1,1,1,1,1,1,1,1,1,1,1,2,1,1,1,2,4,2,4,3,4,3,2,4,3,5,4,3,2,5,4,3,4,5,6,5,7,6,5,6,6,5,4,5,7,7,6,5,4,7,6,5,6,5,4,5,6,7,6,5,6,4,3,4,5,4,4,3,4,5,4,4,3,3,5,4,GOOD,NA,NA,Masters degree
21/08/2018 21:59,21/08/2018 22:05,0,100,357,1,21/08/2018 22:05,R_DG28AAFpBmQ8mRP,anonymous,EN-GB,36,male,NA,5,7,1,2,2,1,2,1,1,1,1,1,2,2,2,2,1,1,1,1,1,1,1,1,1,2,2,2,2,1,2,2,2,2,2,2,2,2,2,2,2,2,2,2,2,2,2,3,3,2,3,3,3,3,3,3,3,3,3,3,3,2,2,2,2,2,4,4,4,4,4,4,4,4,4,4,4,4,6,6,4,4,6,6,1,1,7,7,1,1,7,7,4,2,2,2,2,2,2,2,2,2,2,2,2,2,2,2,NA,NA,NA,Doctorate
21/08/2018 22:02,21/08/2018 22:07,0,100,296,1,21/08/2018 22:07,R_Ad2X3VynD7diMBb,anonymous,EN-GB,28,female,NA,3,5,2,1,2,2,1,1,1,1,2,1,1,2,1,1,1,2,1,1,1,1,1,2,2,2,2,1,2,2,1,1,1,2,2,1,2,1,1,1,2,2,1,2,1,1,1,2,4,1,6,7,6,3,6,7,5,1,2,4,2,4,4,2,5,1,2,3,7,7,1,4,5,4,3,5,5,2,2,7,5,6,5,4,4,4,2,5,4,7,6,2,6,1,2,1,3,3,1,4,5,4,1,3,1,1,2,1,it was good,NA,NA,Bachelors degree
21/08/2018 21:58,21/08/2018 22:07,0,100,534,1,21/08/2018 22:07,R_2Y9crCA97rJx6EW,anonymous,EN-GB,28,male,NA,5,4,2,1,1,1,2,2,2,1,1,1,1,1,1,1,1,1,2,2,2,1,1,2,2,1,1,2,1,2,2,2,2,1,1,2,2,2,2,1,2,2,1,2,2,2,2,1,1,1,1,2,1,3,4,4,4,3,3,2,2,1,1,1,1,1,4,4,7,3,7,7,7,2,2,7,7,4,4,4,7,6,6,4,1,1,7,7,1,1,7,7,2,3,3,2,3,3,2,2,3,3,4,3,2,3,4,5,very interesting,NA,NA,Associate degree
21/08/2018 22:04,21/08/2018 22:08,0,100,288,1,21/08/2018 22:08,R_86XoNoWm7qWQcE1,anonymous,EN-GB,27,female,NA,9,5,1,1,1,1,1,1,1,1,1,1,1,1,1,1,1,1,1,1,1,1,1,1,1,1,1,1,1,1,1,1,1,1,1,1,1,1,1,1,1,1,1,1,1,1,1,3,2,3,3,3,2,3,3,3,3,3,2,3,3,4,3,4,3,4,6,5,6,5,6,5,6,5,6,5,6,5,5,6,5,5,6,5,4,5,4,5,4,5,4,5,2,4,3,4,3,4,4,3,4,3,4,4,3,4,3,4,it's very nice,NA,NA,Bachelors degree
21/08/2018 21:25,21/08/2018 22:09,0,100,2624,1,21/08/2018 22:09,R_1rjFNdSFLzZ8rEm,anonymous,EN-GB,46,female,NA,2,6,1,2,2,2,2,1,1,2,1,2,2,2,2,2,2,2,1,1,1,1,1,1,1,2,1,1,2,1,1,1,1,2,1,1,2,1,2,2,1,2,2,2,1,1,2,2,2,1,1,3,2,3,2,3,3,2,2,2,3,1,1,1,1,1,4,4,4,5,4,5,3,5,5,3,3,5,5,5,4,4,3,7,5,5,5,5,5,6,5,7,5,2,2,1,1,2,2,2,1,2,3,2,2,1,2,4,Thank you.,NA,NA,Masters degree
21/08/2018 22:04,21/08/2018 22:10,0,100,335,1,21/08/2018 22:10,R_1o6k7mf6JS31V0D,anonymous,EN-GB,35,female,NA,3,5,1,2,2,2,2,1,1,2,2,2,2,2,2,2,2,2,1,1,1,1,1,1,1,2,2,1,2,2,2,2,2,1,2,2,2,2,2,1,2,2,2,2,2,2,2,1,1,1,1,1,1,1,1,1,1,1,1,1,1,2,2,2,2,2,2,2,2,4,4,5,3,5,4,3,4,5,5,3,5,NA,3,4,2,2,5,5,2,2,5,5,3,4,4,4,3,3,3,4,3,3,NA,4,3,3,3,3,NA,NA,NA,Bachelors degree
21/08/2018 21:59,21/08/2018 22:10,0,100,700,1,21/08/2018 22:11,R_1jNU9Kodfsyg4F2,anonymous,EN-GB,34,female,NA,4,5,1,2,2,2,2,1,1,2,2,2,2,2,2,2,2,2,1,1,1,1,1,1,1,1,2,1,2,2,2,2,2,1,2,2,2,2,2,1,2,2,1,2,2,2,2,1,1,1,2,1,1,2,2,2,2,3,2,2,3,1,1,1,1,1,5,5,3,5,3,2,2,6,5,2,2,6,5,5,6,4,5,3,2,2,6,7,2,2,6,7,5,2,2,2,2,2,2,1,1,1,3,2,2,2,2,4,NA,NA,NA,Bachelors degree
21/08/2018 22:24,21/08/2018 22:36,0,100,696,1,21/08/2018 22:36,R_3RmWnWms8XipUve,anonymous,EN-GB,39,male,NA,6,5,1,1,1,1,1,1,1,1,1,1,1,1,1,1,2,1,1,1,2,1,1,2,1,1,1,2,1,2,2,1,2,1,2,2,2,2,1,1,2,2,2,1,2,2,2,5,4,3,2,2,4,3,6,6,5,5,5,2,4,2,1,3,3,2,1,1,1,1,5,4,7,5,6,6,5,4,7,5,4,7,7,6,1,1,6,6,3,2,7,7,1,4,4,5,4,5,4,4,5,5,4,4,3,3,5,4,No further comments. Thanks!,NA,NA,Bachelors degree
21/08/2018 22:30,21/08/2018 22:37,0,100,448,1,21/08/2018 22:37,R_2QMnQxcUEQhEsTs,anonymous,EN-GB,35,male,NA,5,5,1,2,2,2,2,1,1,2,2,2,2,2,2,2,2,2,1,1,1,1,1,1,1,2,2,1,2,1,2,2,2,1,2,2,2,2,2,1,2,2,1,2,2,2,2,2,1,1,1,2,2,2,2,3,3,3,3,3,3,2,2,2,2,2,4,4,5,4,5,5,3,5,4,3,4,4,4,4,4,4,4,4,3,3,5,5,4,3,4,5,3,2,4,2,2,2,3,2,4,2,4,4,2,4,2,4,NA,NA,NA,Bachelors degree
21/08/2018 22:37,21/08/2018 22:40,0,100,198,1,21/08/2018 22:40,R_3GCeZl6oiYciXJk,anonymous,EN-GB,27,female,NA,2,6,1,1,1,1,1,1,1,1,1,1,1,1,1,1,1,1,1,1,1,1,1,1,1,1,1,2,1,2,1,1,2,1,1,1,1,1,1,1,1,1,1,1,1,1,2,1,1,1,1,1,1,NA,1,1,1,1,2,1,2,5,5,5,5,4,7,6,7,6,6,7,7,6,7,7,7,7,7,7,7,6,7,7,7,7,7,6,7,7,7,7,1,5,4,5,5,5,5,5,5,5,5,5,5,5,5,5,good,NA,NA,Masters degree
21/08/2018 22:41,21/08/2018 22:46,0,100,275,1,21/08/2018 22:46,R_12JeR5oip65mp6C,anonymous,EN-GB,34,male,NA,8,6,1,2,2,2,2,1,1,2,1,2,2,2,2,2,2,2,1,1,1,1,1,1,1,2,2,2,2,2,2,2,2,1,2,2,2,2,2,1,2,2,1,1,2,2,2,2,1,2,1,1,2,1,1,2,1,1,2,2,1,2,1,2,1,2,5,6,3,5,5,7,3,5,6,5,5,5,2,1,2,3,5,3,1,2,7,6,1,1,6,7,4,1,2,1,1,2,1,1,1,2,1,2,1,2,1,3,NA,NA,NA,Masters degree
21/08/2018 22:44,21/08/2018 22:50,0,100,367,1,21/08/2018 22:50,R_RJ5Q3OAfhsM6vEB,anonymous,EN-GB,25,female,NA,3,5,1,2,1,2,2,1,1,2,2,1,2,2,2,2,2,2,1,1,1,2,2,1,1,2,2,2,2,2,1,1,1,2,1,1,1,1,2,2,1,1,1,2,1,1,1,4,3,3,6,2,5,5,5,5,5,5,5,5,5,4,2,2,5,2,2,2,6,2,6,5,6,5,3,6,6,2,6,5,5,5,5,5,5,6,4,3,4,3,4,4,3,4,4,4,3,4,4,4,5,4,4,4,4,5,4,4,NA,NA,NA,Bachelors degree
21/08/2018 23:01,21/08/2018 23:10,0,100,520,1,21/08/2018 23:10,R_1Itklm1hB5LFBIi,anonymous,EN-GB,32,male,NA,7,5,1,1,1,2,1,1,1,1,1,2,1,1,1,1,1,1,2,1,1,1,1,2,1,1,2,1,2,2,1,2,1,1,2,1,1,1,1,1,2,1,1,1,1,1,1,1,2,3,2,4,5,4,1,3,5,6,6,6,2,3,4,4,5,4,6,5,4,5,6,5,6,5,6,5,4,3,6,5,4,3,4,5,6,5,4,5,6,5,4,3,2,4,3,2,3,3,4,3,2,3,4,4,3,2,3,4,nothing,NA,NA,Bachelors degree
21/08/2018 22:57,21/08/2018 23:11,0,100,835,1,21/08/2018 23:11,R_ukKoJWePSJPEEH7,anonymous,EN-GB,42,female,NA,9,5,1,1,2,2,2,2,2,2,1,1,2,2,2,1,2,2,1,1,1,1,1,1,1,2,2,2,1,2,2,1,2,1,1,2,2,2,2,2,2,2,2,2,1,2,2,2,2,2,2,2,2,3,4,4,4,3,4,3,4,2,2,2,2,2,3,3,6,3,6,6,5,3,3,5,5,3,3,3,3,6,3,5,1,1,7,7,2,2,6,6,5,4,4,3,4,4,2,4,3,2,2,4,4,2,2,4,NA,NA,NA,Bachelors degree
21/08/2018 23:08,21/08/2018 23:16,0,100,522,1,21/08/2018 23:17,R_3R9rBWE17wp3s5z,anonymous,EN-GB,51,male,NA,8,2,1,2,1,2,2,1,1,2,1,1,1,1,2,1,2,2,2,2,2,2,2,2,2,2,1,2,2,1,1,1,1,2,1,1,1,1,2,2,1,1,1,2,1,1,2,3,3,2,6,4,5,3,4,4,4,3,4,3,4,2,1,2,2,1,2,3,5,3,5,7,1,5,2,1,1,4,5,2,4,4,3,5,1,1,6,6,1,1,6,6,7,3,5,1,2,5,4,5,3,1,4,5,5,3,4,5,NA,NA,NA,High School graduate
21/08/2018 23:26,21/08/2018 23:31,0,100,302,1,21/08/2018 23:31,R_1LI0mgPn5sJ83p2,anonymous,EN-GB,25,female,NA,6,5,1,2,2,2,2,1,1,2,2,2,2,1,2,2,2,2,2,1,1,1,1,1,1,2,2,1,2,2,1,1,2,2,1,1,2,1,2,2,1,1,2,1,1,1,1,2,2,3,3,3,2,2,3,2,3,3,2,3,3,2,2,1,1,1,5,5,5,4,5,4,4,5,5,5,3,5,2,2,2,4,1,4,1,1,7,7,1,1,7,7,4,1,1,1,1,1,1,1,1,1,1,1,1,1,1,4,none,NA,NA,Bachelors degree
21/08/2018 23:29,21/08/2018 23:34,0,100,327,1,21/08/2018 23:34,R_RxIoMpax7s6bUnD,anonymous,EN-GB,32,male,NA,5,5,1,2,2,2,2,1,1,2,2,1,1,2,2,2,2,2,1,1,1,2,1,1,1,1,2,2,2,1,1,1,2,1,1,1,2,2,1,1,1,2,1,1,1,1,2,1,2,2,1,2,2,2,2,2,2,2,1,2,1,3,1,2,1,1,5,5,4,4,3,4,3,4,3,3,5,4,3,4,4,4,3,5,5,4,3,5,5,3,4,4,2,4,3,3,4,3,2,3,2,3,3,2,3,4,3,3,NA,NA,NA,Bachelors degree
21/08/2018 23:29,21/08/2018 23:36,0,100,447,1,21/08/2018 23:36,R_O1OkpE2dJdtt0yt,anonymous,EN-GB,28,female,NA,8,6,1,2,2,2,2,1,1,2,2,2,2,2,2,2,2,2,2,1,1,1,1,1,1,2,2,2,2,2,2,2,1,1,2,2,2,2,2,1,2,2,2,2,2,2,2,1,1,1,1,1,1,1,1,1,1,1,1,1,1,3,3,3,5,3,4,4,6,5,4,7,6,3,2,7,7,4,3,1,6,6,6,3,1,1,7,7,2,1,7,7,2,1,1,1,1,1,1,1,2,1,3,2,1,2,2,3,NA,NA,NA,Masters degree
21/08/2018 23:29,21/08/2018 23:36,0,100,441,1,21/08/2018 23:36,R_2bU9NAREIZOGxrG,anonymous,EN-GB,32,female,NA,7,5,1,2,2,2,2,1,1,2,2,2,2,2,2,2,2,2,2,1,1,2,1,1,1,2,2,1,2,2,2,2,2,1,2,2,2,2,1,1,2,2,2,2,2,2,2,1,1,1,1,1,1,2,2,1,2,3,2,1,2,2,1,2,2,1,5,3,5,5,3,5,6,6,3,5,5,3,3,3,6,6,6,2,2,2,6,5,2,2,5,5,1,1,1,1,1,2,2,1,1,1,2,3,1,1,3,4,NA,NA,NA,Bachelors degree
21/08/2018 23:29,21/08/2018 23:38,0,100,538,1,21/08/2018 23:38,R_22zvSuzCkph9TTD,anonymous,EN-GB,33,female,NA,3,5,1,2,2,2,2,1,1,2,2,2,2,2,2,2,2,2,1,1,1,1,1,1,1,2,1,1,2,2,2,2,2,1,2,2,2,2,1,1,2,2,1,2,2,2,2,2,1,1,2,2,2,2,2,3,3,2,2,2,3,2,1,2,1,1,3,3,6,5,5,7,5,4,3,5,6,4,3,2,1,6,6,1,1,1,7,7,7,1,7,7,1,1,2,1,2,2,1,1,2,1,4,2,2,1,2,5,NA,NA,NA,Bachelors degree
21/08/2018 23:32,21/08/2018 23:39,0,100,423,1,21/08/2018 23:39,R_3r2ttxJAUPqraOf,anonymous,EN-GB,44,female,NA,1,4,1,2,2,2,2,1,1,2,2,2,2,1,2,2,2,2,1,1,1,1,1,1,1,2,2,1,1,2,2,2,2,1,2,2,2,2,2,1,2,2,1,1,2,2,2,1,1,1,1,1,1,1,1,1,1,1,1,1,1,1,1,1,1,1,1,1,3,3,4,6,3,6,3,3,5,5,5,3,3,3,2,5,3,2,7,7,2,2,6,6,2,1,1,1,1,1,1,3,4,1,3,2,2,2,1,4,NA,NA,NA,Associate degree
21/08/2018 23:31,21/08/2018 23:39,0,100,519,1,21/08/2018 23:39,R_337vDlFMd9BNLPM,anonymous,EN-GB,30,male,NA,9,5,2,1,1,1,1,1,1,1,2,1,1,2,1,2,2,1,2,1,2,1,1,2,1,1,1,1,2,1,1,2,2,1,2,1,1,2,2,2,1,2,1,1,2,1,1,2,1,3,1,3,2,2,1,3,2,3,1,2,1,4,5,3,4,3,6,5,7,6,6,5,7,5,6,5,7,6,7,5,6,5,7,6,7,5,5,6,7,5,6,5,6,4,5,4,4,5,5,4,5,5,4,4,5,4,5,4,good,NA,NA,Bachelors degree
21/08/2018 23:30,21/08/2018 23:41,0,100,668,1,21/08/2018 23:41,R_1Lb3t3RLPr7tB41,anonymous,EN-GB,45,female,NA,4,2,2,1,1,1,2,2,2,2,1,1,1,1,1,1,1,1,2,2,2,1,1,2,1,NA,1,2,NA,2,2,2,2,1,2,2,2,2,1,1,2,2,1,1,2,2,2,2,2,1,2,2,2,3,4,4,4,4,4,3,3,3,3,3,3,3,1,1,6,2,6,7,5,4,2,5,4,5,3,3,5,7,6,2,3,5,6,4,3,3,5,5,3,4,4,2,3,4,3,4,2,3,3,4,4,2,4,5,"On the page that asked questions about vaccinations, I left two answers blank because they specifically asked about my children (have I refused to give my child vaccines, etc.) I don't have children. I answered the other questions as if I did. 

Also, there were five or six questions that asked specifically about scientists mentioned on a page of their own. I really felt they should have been separate because I could not group the two different types of scientists so gave the questions a neutral rating. I do trust environmental scientists and would have rated them with a high amount of trust. However, i have zero trust for scientists  that focus on vaccinations and would have rated them very low.

Lastly, there were questions that asked about medications and how they affect me. I wish these questions had an N/A answer available. I haven't had so much as an aspirin, allergy pill or anything else in the 15 years I've been a vegan, so i really couldn't answer those. I have no idea how my body would react to medications.",NA,NA,High School graduate
21/08/2018 23:34,21/08/2018 23:47,0,100,769,1,21/08/2018 23:47,R_1MKdRPeqGJLLzTG,anonymous,EN-GB,52,male,NA,5,6,2,1,1,1,2,2,2,2,1,1,1,1,1,1,1,1,2,2,2,2,2,2,1,2,1,2,2,2,2,1,2,1,2,2,2,2,1,1,2,2,1,1,2,2,2,4,1,1,6,1,2,7,7,7,7,7,7,7,7,1,1,1,1,1,1,1,7,1,7,7,4,3,3,3,3,3,1,1,7,7,7,1,1,1,7,7,1,1,7,7,4,5,5,1,5,5,5,5,1,5,5,5,5,1,5,5,It is prudent to question authority and to maintain skepticism about any government-advocated story or explanation.,NA,NA,Masters degree
21/08/2018 23:41,21/08/2018 23:51,0,100,571,1,21/08/2018 23:51,R_2CBtWwFdCKIElFZ,anonymous,EN-GB,31,female,NA,4,4,1,2,2,2,2,1,1,2,2,2,2,2,2,2,2,2,1,1,1,1,1,1,1,2,2,2,2,2,2,2,2,1,1,2,2,2,1,1,2,2,2,2,1,2,2,2,2,2,2,2,2,2,2,2,2,2,2,2,2,2,2,2,2,2,4,4,5,5,5,5,4,5,4,4,4,5,5,5,5,4,5,5,4,4,4,4,4,4,4,4,2,1,3,3,2,3,3,2,3,3,2,3,3,3,3,2,NA,NA,NA,Associate degree
22/08/2018 0:01,22/08/2018 0:05,0,100,213,1,22/08/2018 0:05,R_yEEDcJfpOspqnMB,anonymous,EN-GB,30,female,NA,3,5,1,2,2,2,2,1,1,2,2,2,2,2,2,2,2,2,1,1,1,2,1,1,1,2,2,1,2,2,2,2,2,1,2,2,2,2,2,1,2,2,1,1,2,2,2,1,1,1,1,1,1,1,1,1,1,1,1,1,1,1,1,1,1,1,3,3,5,1,6,6,4,4,4,4,4,4,2,2,2,2,2,2,4,4,4,4,4,4,4,4,4,1,1,1,1,1,1,1,1,1,1,1,1,1,1,1,NA,NA,NA,Bachelors degree
22/08/2018 0:04,22/08/2018 0:12,0,100,474,1,22/08/2018 0:12,R_6Jz6Eeeysz6VgNb,anonymous,EN-GB,36,female,NA,5,5,1,2,2,2,2,1,2,2,1,1,1,1,2,2,2,2,2,1,1,1,1,1,1,2,2,1,2,2,1,1,1,1,2,1,1,1,2,2,1,2,2,2,1,2,2,3,3,3,3,3,3,3,3,3,3,3,3,3,3,2,2,2,2,2,5,5,5,5,3,5,3,5,5,3,5,5,3,3,3,4,3,5,5,5,5,5,4,5,5,5,5,2,2,2,2,2,2,2,2,2,2,2,2,2,4,2,NA,NA,NA,Bachelors degree
22/08/2018 0:08,22/08/2018 0:13,0,100,324,1,22/08/2018 0:13,R_231cOkOyKBnhwbY,anonymous,EN-GB,30,male,NA,2,5,1,2,2,2,2,1,1,2,2,2,2,1,2,2,2,2,1,1,2,2,1,1,1,2,2,1,2,2,2,2,2,1,2,2,2,2,2,2,2,2,2,1,2,2,2,2,1,1,1,1,1,2,2,2,2,1,1,3,2,1,1,1,1,1,2,2,6,2,6,6,5,3,2,6,2,3,2,2,6,6,2,2,1,1,6,6,6,1,6,6,2,1,1,1,1,1,1,1,1,1,1,1,1,1,1,1,NA,NA,NA,Bachelors degree
22/08/2018 0:02,22/08/2018 0:14,0,100,763,1,22/08/2018 0:14,R_0DkXa9RVg1kp0LD,anonymous,EN-GB,25,male,NA,1,5,1,2,2,2,2,2,1,2,2,2,2,2,2,2,2,2,1,1,1,1,1,1,1,2,2,2,2,2,2,1,2,1,2,2,2,2,1,1,2,2,1,2,1,2,2,2,2,1,1,2,1,4,2,2,2,3,2,1,3,1,1,1,1,1,3,2,6,3,6,6,6,4,4,3,6,6,6,6,2,5,2,6,3,6,7,3,7,6,2,2,5,3,3,3,3,3,3,3,3,3,3,3,3,3,3,4,Great study!,NA,NA,Bachelors degree
22/08/2018 0:05,22/08/2018 0:15,0,100,602,1,22/08/2018 0:15,R_1eyJ52wYzDP8UI0,anonymous,EN-GB,51,female,NA,2,2,2,1,1,1,2,2,2,1,1,1,1,1,1,1,1,1,2,1,2,1,1,2,2,1,2,2,1,2,2,2,2,1,2,2,2,2,1,1,2,2,1,1,2,2,2,2,2,2,4,2,3,4,4,4,6,5,5,5,4,4,4,4,5,4,1,2,5,2,5,6,5,3,2,5,6,3,4,2,6,5,6,2,1,1,7,7,1,1,7,7,2,4,4,4,4,4,4,4,4,4,5,4,4,4,5,5,there have been countless cases were people have been experimented on without their knowledge or consent. Deathbed confessions of secret events happen all the time. I firmly believe that government and big business are constantly involved in dirty dealings unknown to the general population.,NA,NA,High School graduate
22/08/2018 0:09,22/08/2018 0:17,0,100,473,1,22/08/2018 0:17,R_6uopu8Mx8OUlN29,anonymous,EN-GB,50,female,NA,8,4,1,2,2,2,2,1,1,2,2,2,2,2,2,2,2,2,1,1,1,1,1,1,1,2,2,1,2,2,2,2,2,1,2,2,2,2,2,1,2,2,1,1,2,2,2,1,1,1,1,1,1,1,1,1,1,1,1,1,1,4,4,5,2,4,4,4,3,4,5,6,5,3,3,5,5,4,2,2,6,6,5,4,1,1,7,6,7,NA,7,6,2,2,1,1,1,1,1,1,2,1,2,2,1,1,1,1,NA,NA,NA,Associate degree
22/08/2018 0:11,22/08/2018 0:18,0,100,379,1,22/08/2018 0:18,R_1LNc2x0UYkx1Dq1,anonymous,EN-GB,31,male,NA,9,5,1,2,2,2,2,1,1,2,2,2,2,1,2,2,2,2,1,1,1,1,1,1,1,2,2,1,1,2,1,2,2,1,2,2,1,1,2,1,2,2,1,2,2,2,2,2,2,1,3,3,2,3,3,3,3,4,3,2,4,2,1,2,3,2,4,4,5,4,5,6,5,4,4,5,6,5,3,4,6,6,5,3,3,2,6,6,3,3,6,7,3,2,3,1,1,2,2,3,1,1,3,4,3,1,3,4,"None, it was an interesting study though!",NA,NA,Bachelors degree
22/08/2018 0:12,22/08/2018 0:23,0,100,662,1,22/08/2018 0:23,R_3HuGLdSXxaYOVlx,anonymous,EN-GB,34,male,NA,7,5,1,2,2,2,2,1,1,2,2,2,2,2,2,2,2,2,1,1,1,1,1,1,1,2,2,1,2,2,2,2,2,1,2,2,2,2,2,1,2,2,1,1,2,2,2,2,2,1,1,1,1,1,1,1,1,1,1,1,1,2,1,1,1,1,5,4,5,4,5,6,6,4,4,7,7,5,2,4,5,5,5,3,2,2,5,6,2,3,7,7,2,1,1,1,1,1,1,1,1,1,2,1,1,1,1,1,NA,NA,NA,Bachelors degree
22/08/2018 0:19,22/08/2018 0:26,0,100,369,1,22/08/2018 0:26,R_1CqFBDjy0K5jxQY,anonymous,EN-GB,70,female,NA,2,2,2,1,1,1,2,1,2,2,1,1,1,1,1,1,1,1,2,2,2,2,1,2,1,2,1,2,2,1,1,1,1,2,1,1,1,1,2,2,1,1,2,2,1,1,1,3,3,2,3,3,4,6,6,6,6,6,6,6,6,4,4,4,4,4,3,2,6,2,5,6,2,6,5,3,6,5,5,6,4,4,4,5,7,6,1,1,7,7,1,1,5,2,2,2,3,4,3,3,2,1,3,3,3,3,3,4,n,NA,NA,High School graduate
22/08/2018 0:34,22/08/2018 0:38,0,100,234,1,22/08/2018 0:38,R_2wufW1kx139dbUc,anonymous,EN-GB,24,male,NA,5,5,1,2,2,2,2,1,1,2,2,2,2,2,2,2,2,2,1,1,1,1,1,1,2,2,2,1,1,2,2,2,2,1,2,2,2,2,2,1,2,2,1,1,2,2,2,2,1,1,1,1,1,2,2,2,2,1,1,2,1,1,1,1,1,1,3,2,6,4,7,7,6,3,4,6,7,5,2,2,5,6,6,2,1,1,7,7,1,1,7,7,2,2,1,1,1,3,1,1,2,1,3,1,1,1,1,4,NA,NA,NA,Bachelors degree
22/08/2018 0:34,22/08/2018 0:39,0,100,325,1,22/08/2018 0:39,R_1OCA7BGDi5gSmbp,anonymous,EN-GB,21,female,NA,5,2,1,2,2,2,2,1,1,2,2,2,2,2,2,2,2,2,1,1,1,1,1,1,1,2,2,1,2,2,2,2,2,1,2,2,2,2,2,1,1,2,1,2,2,2,2,1,1,1,1,2,1,1,1,2,1,2,1,1,2,4,3,4,3,1,5,4,5,5,5,7,6,3,2,6,7,5,5,3,6,4,4,3,1,1,5,6,4,3,6,6,5,2,1,1,1,1,1,1,1,1,2,2,1,1,1,2,NA,NA,NA,High School graduate
22/08/2018 0:34,22/08/2018 0:42,0,100,505,1,22/08/2018 0:42,R_3g6sL2rfmYlbY54,anonymous,EN-GB,30,female,NA,2,4,1,2,2,2,2,1,1,2,1,2,2,2,2,2,2,2,1,1,1,1,1,1,1,2,2,1,2,2,2,2,2,1,2,2,2,2,1,1,2,2,1,2,2,2,2,1,1,1,1,1,1,1,1,1,1,1,1,1,1,1,1,1,1,1,5,5,5,4,5,6,7,1,2,7,7,2,4,3,7,5,7,1,1,1,7,7,1,1,7,7,2,3,2,2,2,1,2,2,2,2,4,3,2,2,2,4,NA,NA,NA,Associate degree
22/08/2018 0:35,22/08/2018 0:47,0,100,732,1,22/08/2018 0:47,R_2bPPUfbmEllZDOy,anonymous,EN-GB,29,female,NA,1,2,1,2,2,2,2,1,2,2,2,2,2,1,2,2,2,2,1,1,1,1,1,1,1,2,2,1,2,2,2,2,2,1,2,2,2,2,2,1,2,2,1,1,2,2,2,2,3,3,4,2,3,4,4,4,3,4,4,3,3,1,1,1,1,1,4,4,5,4,6,5,2,7,4,1,3,5,4,4,6,4,7,4,2,4,7,7,4,4,6,4,4,4,3,3,2,4,3,5,3,3,4,3,3,4,3,5,No feedback. Thank you.,NA,NA,High School graduate
22/08/2018 0:36,22/08/2018 0:53,0,100,985,1,22/08/2018 0:53,R_3DtGCzdncRwzRXM,anonymous,EN-GB,54,female,NA,4,2,2,1,1,1,2,2,2,1,1,1,1,1,1,1,1,1,2,2,2,2,2,2,2,2,1,2,2,1,1,1,1,2,1,1,1,1,2,2,1,1,2,2,1,1,1,4,4,3,4,3,3,4,5,4,4,4,5,4,4,4,4,4,5,4,2,2,6,2,6,6,3,5,4,2,4,4,4,4,4,4,4,4,6,2,6,5,6,6,4,4,6,5,5,4,5,5,5,5,4,5,5,5,5,4,5,5,NA,NA,NA,High School graduate
22/08/2018 0:51,22/08/2018 0:56,0,100,333,1,22/08/2018 0:56,R_9vlBqH3kAG0MjIJ,anonymous,EN-GB,28,male,NA,10,2,2,1,2,2,2,2,1,2,1,2,2,2,2,2,2,2,1,1,1,1,1,1,1,1,2,1,2,2,2,2,2,1,2,2,2,2,2,1,1,2,2,1,2,2,2,1,1,1,1,1,1,2,1,1,1,2,2,1,1,1,1,1,1,1,6,6,6,5,3,4,1,7,4,2,2,6,4,4,6,6,3,6,1,1,7,7,1,1,7,7,5,1,1,1,1,1,1,1,1,1,1,1,1,1,1,1,NA,NA,NA,High School graduate
22/08/2018 0:45,22/08/2018 0:56,0,100,672,1,22/08/2018 0:56,R_2Y9YWWwlDX7i3wu,anonymous,EN-GB,40,female,NA,7,5,1,2,2,2,2,1,1,1,2,2,2,1,2,2,2,2,1,1,2,1,1,1,2,2,2,1,2,1,1,1,1,2,1,1,1,1,2,2,1,1,2,2,1,1,1,3,1,1,3,1,3,4,4,4,4,4,4,4,4,2,1,1,1,1,4,4,4,4,4,4,1,7,7,1,1,7,5,4,4,4,4,4,4,4,5,5,1,5,1,2,6,2,2,3,2,3,2,2,4,2,3,2,2,3,2,4,NA,NA,NA,Bachelors degree
22/08/2018 0:51,22/08/2018 0:56,0,100,304,1,22/08/2018 0:56,R_11cpJ4zQiaeahaq,anonymous,EN-GB,31,male,NA,1,5,1,2,2,2,2,1,1,2,2,2,2,1,2,2,2,2,1,1,1,1,1,1,1,2,2,1,2,2,2,2,2,1,2,2,2,2,2,1,2,2,1,1,2,2,2,1,1,1,1,1,1,1,1,1,1,1,1,1,1,4,4,3,4,3,4,1,7,5,7,7,4,2,1,NA,7,4,1,1,7,7,7,1,1,1,7,7,1,1,7,7,2,1,1,1,1,1,1,1,1,1,1,1,1,1,1,1,NA,NA,NA,Bachelors degree
22/08/2018 1:07,22/08/2018 1:11,0,100,213,1,22/08/2018 1:11,R_21aczzuvs5O5dxJ,anonymous,EN-GB,35,male,NA,2,5,2,1,1,1,2,2,2,2,1,1,1,1,1,1,1,1,2,2,2,1,2,1,2,1,2,2,2,2,1,1,1,2,1,1,1,1,2,2,1,1,1,2,1,1,1,4,4,3,3,4,6,7,7,7,7,7,7,7,7,3,3,2,4,3,3,3,6,2,6,7,2,6,6,2,3,5,5,5,2,4,4,4,7,7,1,1,7,7,1,1,7,2,3,2,3,4,3,3,2,1,3,3,3,2,3,3,n,NA,NA,Bachelors degree
22/08/2018 1:11,22/08/2018 1:16,0,100,286,1,22/08/2018 1:16,R_dgqURjBQrK2ssMh,anonymous,EN-GB,29,male,NA,3,5,1,2,2,2,2,1,1,2,2,2,2,2,2,2,2,2,1,1,1,1,1,1,1,2,2,1,2,2,2,2,2,1,2,2,1,2,1,1,2,2,1,1,2,2,2,1,1,1,1,1,1,1,1,1,1,1,1,1,1,1,1,1,1,1,2,2,6,4,6,7,4,4,4,4,7,4,1,1,1,7,7,1,1,1,7,7,1,1,7,7,3,1,1,1,1,1,1,1,1,1,1,1,1,1,1,1,Nothing thanks.,NA,NA,Bachelors degree
22/08/2018 1:08,22/08/2018 1:18,0,100,574,1,22/08/2018 1:18,R_2wsNmUGVIDzr1TX,anonymous,EN-GB,33,female,NA,3,5,2,1,2,2,2,2,2,1,1,1,1,1,1,2,1,1,2,1,1,1,1,1,1,1,2,2,1,1,2,2,2,1,2,2,2,2,1,1,2,2,2,1,2,2,2,1,1,1,1,1,1,2,2,2,2,2,2,2,2,1,1,1,1,1,2,2,6,2,6,6,2,6,5,2,2,6,5,4,2,2,2,6,1,1,7,7,1,1,7,7,6,1,1,1,1,1,1,1,1,1,1,1,1,1,1,1,NA,NA,NA,Bachelors degree
22/08/2018 1:17,22/08/2018 1:23,0,100,307,1,22/08/2018 1:23,R_1MWnXGtjNHwZ4dd,anonymous,EN-GB,32,male,NA,1,2,1,2,2,2,2,1,1,1,2,1,1,1,2,2,2,1,2,1,1,2,1,1,1,2,2,1,2,2,2,2,2,1,2,2,2,2,2,1,2,2,2,1,2,2,2,2,1,1,1,1,1,1,1,1,1,1,1,1,1,4,1,4,5,3,4,2,6,2,6,7,4,6,6,4,6,6,4,6,6,6,6,2,1,2,7,7,1,1,7,7,1,3,4,5,5,3,5,5,5,5,5,4,5,5,5,5,thank you for allowing me to contribute!,NA,NA,High School graduate
22/08/2018 1:08,22/08/2018 1:23,0,100,906,1,22/08/2018 1:23,R_33w3RI9jN6XmH1Y,anonymous,EN-GB,20,female,NA,9,3,1,2,2,2,2,1,1,2,2,2,2,2,2,2,2,2,1,1,1,1,1,1,1,2,2,1,2,2,2,2,2,1,2,2,2,2,2,1,2,2,2,2,1,2,2,2,2,2,3,3,2,2,3,2,3,2,2,2,2,2,2,1,2,1,5,6,3,5,2,3,2,5,3,5,3,5,2,3,6,6,6,2,2,2,6,6,2,2,6,6,5,2,2,1,2,2,2,2,2,1,2,2,2,1,2,2,NA,NA,NA,Technical school graduate
22/08/2018 1:08,22/08/2018 1:24,0,100,996,1,22/08/2018 1:24,R_3dEb1rYSV2pPJLN,anonymous,EN-GB,22,male,NA,3,5,1,2,2,2,2,1,1,2,2,2,2,2,2,2,2,2,1,1,1,1,1,1,1,2,2,1,2,2,2,2,2,1,2,2,2,2,1,1,2,2,1,1,2,2,2,3,1,3,2,3,2,NA,2,1,2,2,3,2,3,2,3,2,3,2,6,3,4,4,3,5,7,1,1,7,7,2,1,1,7,7,7,1,1,1,7,7,1,1,7,7,1,1,1,1,1,1,1,1,1,1,1,1,1,1,1,1,NA,NA,NA,Bachelors degree
22/08/2018 1:08,22/08/2018 1:26,0,100,1045,1,22/08/2018 1:26,R_1eCwomhHnEcYupd,anonymous,EN-GB,39,male,NA,1,5,1,2,2,2,2,1,1,2,1,2,1,2,2,2,1,1,1,1,1,1,1,1,1,2,2,2,2,1,1,1,1,2,1,1,1,1,2,2,1,1,2,2,1,1,2,3,2,1,1,2,1,4,4,4,4,4,4,4,3,2,1,1,2,1,3,4,3,5,3,4,3,5,5,3,4,5,5,5,3,3,3,5,3,3,5,5,3,3,5,5,3,2,3,2,2,3,2,3,2,2,3,2,3,2,2,3,N/A,NA,NA,Bachelors degree
22/08/2018 1:39,22/08/2018 1:48,0,100,510,1,22/08/2018 1:48,R_2q2Y26E6vLT1cGf,anonymous,EN-GB,59,female,NA,7,2,1,2,2,2,2,1,1,2,1,1,2,1,1,2,1,2,1,1,1,1,1,1,1,2,2,2,1,2,2,2,2,1,2,2,2,2,2,1,2,2,1,2,2,2,2,2,1,1,2,2,2,1,2,2,3,2,2,1,2,3,4,3,3,4,4,3,4,3,5,6,2,6,4,2,4,5,1,1,6,7,6,2,1,1,7,7,2,1,7,7,5,2,3,2,2,2,3,2,2,2,3,2,3,2,3,4,NA,NA,NA,High School graduate
22/08/2018 1:50,22/08/2018 1:53,0,100,230,1,22/08/2018 1:53,R_2zI3TF0YTe4p84z,anonymous,EN-GB,35,male,NA,5,5,1,2,2,2,2,1,1,2,2,2,2,2,2,2,2,2,1,1,1,1,2,1,1,2,2,1,2,2,2,2,2,1,2,2,2,2,1,1,2,2,1,1,2,2,2,2,2,2,2,2,2,2,2,2,2,2,2,2,2,1,1,1,1,1,1,1,7,4,7,7,7,1,4,7,7,4,4,4,6,6,6,2,1,1,7,7,1,1,7,7,1,1,1,1,1,1,1,1,1,1,1,1,1,1,1,3,NA,NA,NA,Bachelors degree
22/08/2018 1:52,22/08/2018 1:55,0,100,203,1,22/08/2018 1:55,R_1pFpdTzRH0ngLQm,anonymous,EN-GB,24,female,NA,3,5,1,2,2,2,2,1,1,2,1,2,2,2,2,2,2,2,2,1,1,1,1,1,1,2,2,2,2,2,2,2,2,1,2,2,2,2,1,1,2,2,1,2,2,2,2,1,1,1,2,2,1,3,3,2,2,3,2,2,3,3,2,2,2,2,3,4,6,4,6,6,6,3,3,6,6,4,2,1,7,6,6,2,1,1,7,7,1,1,7,7,1,4,2,1,1,1,1,1,1,1,4,4,2,1,1,5,NA,NA,NA,Bachelors degree
22/08/2018 1:50,22/08/2018 1:56,0,100,369,1,22/08/2018 1:56,R_cXQReWVrL6OFICB,anonymous,EN-GB,39,male,NA,3,2,1,2,2,2,2,1,1,2,2,2,2,2,2,2,2,2,1,1,1,2,1,1,1,2,2,1,2,2,2,2,2,1,2,2,2,2,2,1,2,2,2,2,2,2,2,1,1,1,1,1,1,1,1,1,1,1,1,1,1,2,1,1,2,2,4,3,4,4,6,6,3,4,3,5,5,4,3,3,6,6,6,2,1,1,7,7,1,1,7,7,2,2,2,3,3,2,2,2,4,4,4,3,2,2,3,4,NA,NA,NA,High School graduate
22/08/2018 1:50,22/08/2018 1:58,0,100,435,1,22/08/2018 1:58,R_2Sfy0EweyKn0qa1,anonymous,EN-GB,22,male,NA,8,2,1,2,2,2,2,1,1,2,2,2,2,2,2,2,2,2,1,1,1,1,2,1,2,2,2,2,2,2,2,2,2,1,2,2,2,2,2,1,2,2,2,1,2,2,2,3,1,1,2,2,1,3,1,3,3,2,2,1,1,1,1,1,1,1,5,4,4,4,6,7,4,3,4,6,5,4,5,5,3,6,5,3,6,5,5,4,6,5,7,6,2,4,1,3,4,3,4,3,2,4,2,4,2,1,3,4,NA,NA,NA,High School graduate
22/08/2018 1:50,22/08/2018 1:59,0,100,518,1,22/08/2018 1:59,R_oZQOR7VjDmC7YjL,anonymous,EN-GB,65,female,NA,3,4,2,1,1,2,2,2,2,1,1,1,1,1,1,1,2,1,2,1,1,1,1,1,1,2,1,2,1,1,1,1,1,2,1,1,1,1,2,2,1,1,2,2,1,1,1,6,5,2,4,3,3,7,7,4,6,6,6,6,5,4,4,4,5,4,3,3,5,3,5,3,2,6,5,2,2,5,5,5,4,5,4,6,6,5,3,2,7,7,1,2,7,2,4,2,2,4,2,4,2,2,2,4,4,2,2,4,"Very interesting survey, thank you.",NA,NA,Associate degree
22/08/2018 1:57,22/08/2018 2:02,0,100,342,1,22/08/2018 2:02,R_1KflPsbeupwPqgD,anonymous,EN-GB,57,female,NA,1,5,1,2,2,2,2,1,1,2,2,2,2,2,2,2,2,2,1,1,1,1,1,1,1,2,2,1,2,2,2,2,2,1,2,2,2,2,2,1,2,2,2,1,2,2,2,1,1,1,1,2,1,2,1,2,1,1,1,1,2,2,1,1,2,1,4,4,5,4,4,6,4,4,4,5,4,5,3,3,5,6,4,2,1,1,6,7,2,1,7,7,2,2,3,1,1,1,1,1,1,1,4,2,1,1,1,5,NA,NA,NA,Bachelors degree
22/08/2018 1:50,22/08/2018 2:06,0,100,961,1,22/08/2018 2:06,R_24o6ovNG7I7oF7H,anonymous,EN-GB,37,female,NA,1,4,1,2,2,2,2,1,1,2,2,2,2,2,2,2,2,2,2,1,1,1,1,1,1,2,2,1,2,1,1,1,2,2,1,1,2,1,2,2,2,1,2,2,1,1,2,2,1,1,2,2,2,3,3,2,3,3,2,2,3,1,1,1,3,1,4,4,5,4,5,6,3,4,3,6,4,4,3,2,6,6,4,5,2,2,4,4,7,7,1,7,6,2,1,1,1,1,1,1,1,1,2,2,1,1,1,2,NA,NA,NA,Associate degree
22/08/2018 2:12,22/08/2018 2:15,0,100,201,1,22/08/2018 2:15,R_3qkixUhn4ccsD4u,anonymous,EN-GB,26,female,NA,1,2,2,1,1,1,1,2,2,1,1,1,2,2,1,1,1,1,2,2,2,2,1,2,2,2,1,2,1,2,2,1,2,1,2,2,2,2,2,1,2,2,2,1,1,2,2,1,1,2,2,2,1,1,2,2,1,1,2,2,1,5,5,5,5,5,1,1,7,1,7,7,1,7,1,1,4,5,1,1,7,7,7,1,1,1,7,7,1,1,7,7,4,3,3,3,3,3,3,3,2,4,3,3,3,2,3,3,NA,NA,NA,High School graduate
22/08/2018 2:03,22/08/2018 2:16,0,100,798,1,22/08/2018 2:16,R_SIvZecEJy8ccvXX,anonymous,EN-GB,45,female,NA,2,5,1,2,2,2,2,1,1,2,2,2,2,2,2,2,2,2,1,1,1,1,1,1,2,2,2,1,2,2,2,2,2,1,2,2,2,2,1,1,2,2,1,1,2,2,2,1,1,1,1,1,1,1,1,4,4,4,4,2,4,3,2,2,4,3,2,2,6,2,6,6,6,2,2,4,6,4,2,2,6,6,4,3,1,1,7,7,1,1,7,7,2,3,3,2,2,3,3,3,2,2,4,3,4,2,3,3,NA,NA,NA,Bachelors degree
22/08/2018 2:23,22/08/2018 2:30,0,100,399,1,22/08/2018 2:30,R_2EuzzR4vDYTSuI2,anonymous,EN-GB,54,female,NA,4,5,1,2,2,2,2,1,1,2,2,2,2,1,2,2,2,2,1,1,1,1,1,1,1,2,2,1,2,2,2,1,2,1,2,2,1,2,2,1,2,2,2,2,1,2,2,2,1,1,2,2,1,2,2,2,2,4,2,2,2,4,3,3,4,2,4,3,5,4,5,5,6,3,3,6,6,4,1,1,7,7,7,3,1,1,7,7,1,1,7,7,3,2,2,1,1,1,1,1,1,1,4,2,1,1,2,3,"This was an interesting, thought provoking study and now I wonder if there are aliens controlling world politics or some other way out there thing.",NA,NA,Bachelors degree
22/08/2018 2:26,22/08/2018 2:34,0,100,486,1,22/08/2018 2:34,R_2dz2pOknw7imOkQ,anonymous,EN-GB,31,female,NA,8,5,1,2,2,2,2,1,1,2,2,2,2,2,2,2,2,2,1,1,1,1,1,1,1,2,2,1,2,2,2,2,2,1,2,2,2,2,1,1,2,2,1,1,2,2,2,2,2,1,2,2,2,3,3,3,3,3,4,3,3,2,2,2,1,2,2,2,7,2,6,7,6,2,2,6,6,3,2,2,6,6,7,1,1,1,7,7,1,1,7,7,1,2,4,1,2,2,2,2,1,1,2,4,4,1,2,5,Best wishes!,NA,NA,Bachelors degree
22/08/2018 2:28,22/08/2018 2:35,0,100,438,1,22/08/2018 2:35,R_2bZErK0hO1gwxwI,anonymous,EN-GB,39,male,NA,4,5,1,2,2,2,2,1,1,2,2,2,2,1,2,2,2,2,1,1,1,1,1,1,1,2,2,1,2,1,1,1,1,2,1,1,1,1,2,2,1,1,2,2,1,1,1,2,2,2,2,2,2,2,4,3,4,4,4,4,4,2,2,2,2,2,3,3,5,3,5,5,3,5,5,3,4,5,4,3,5,6,4,4,1,1,7,7,4,4,6,6,5,1,1,1,1,1,1,1,1,1,1,1,1,1,1,5,NA,NA,NA,Bachelors degree
22/08/2018 2:33,22/08/2018 2:38,0,100,288,1,22/08/2018 2:38,R_2fqv7gu3cpDa4u0,anonymous,EN-GB,28,male,NA,7,2,1,2,2,2,2,1,1,2,2,2,2,2,2,2,2,2,1,1,1,1,1,1,1,2,2,1,2,2,2,2,2,1,2,2,2,2,2,1,2,2,1,1,2,2,2,2,2,3,3,2,2,3,3,3,3,3,3,3,3,2,2,2,2,2,2,2,6,2,6,6,6,2,2,6,6,2,5,5,3,4,4,4,6,6,2,2,6,5,3,2,2,1,1,1,1,1,1,1,1,1,1,1,1,1,1,1,NA,NA,NA,High School graduate
22/08/2018 2:34,22/08/2018 2:43,0,100,551,1,22/08/2018 2:43,R_xEjoNuY4XSUg01z,anonymous,EN-GB,32,male,NA,1,5,1,2,2,2,2,1,1,2,2,2,2,1,2,2,2,2,2,1,1,1,2,1,1,2,2,1,2,1,1,2,2,2,1,2,2,2,2,1,2,2,2,2,2,2,2,2,2,1,2,2,2,3,3,4,4,4,4,4,5,1,1,1,1,1,4,3,5,2,5,4,1,7,5,1,1,4,5,5,5,5,2,6,1,1,7,7,2,1,7,7,5,2,1,1,1,1,1,1,1,1,1,3,1,1,1,1,NA,NA,NA,Bachelors degree
22/08/2018 2:47,22/08/2018 2:49,0,100,136,1,22/08/2018 2:49,R_3ejYgfZWpCNzvX9,anonymous,EN-GB,30,male,NA,3,4,1,2,2,2,2,1,1,2,2,2,2,1,2,2,2,2,1,1,1,1,1,1,1,2,2,1,2,1,1,1,2,1,1,1,1,2,1,1,2,1,1,1,1,2,1,2,2,2,2,2,2,2,2,2,2,2,2,2,2,1,1,1,1,1,4,4,4,4,6,5,2,6,6,6,6,6,5,5,5,5,5,5,6,6,6,6,6,6,6,6,6,1,1,1,1,1,1,1,1,1,1,1,1,1,1,1,NA,NA,NA,Associate degree
22/08/2018 2:52,22/08/2018 2:59,0,100,467,1,22/08/2018 2:59,R_2YS0Oa0ingiCYOE,anonymous,EN-GB,27,female,NA,4,5,1,2,2,2,2,1,1,2,2,2,2,2,2,2,2,2,1,1,1,1,1,1,1,2,2,1,2,2,2,2,2,1,2,2,2,2,2,1,2,2,1,2,2,2,2,3,1,2,1,1,1,3,1,2,1,1,1,1,4,2,1,1,1,1,3,2,7,5,6,7,7,3,3,6,6,3,1,3,7,7,6,2,1,1,7,7,1,1,7,7,3,1,2,1,1,1,1,1,1,1,2,1,1,1,1,4,NA,NA,NA,Bachelors degree
22/08/2018 3:03,22/08/2018 3:07,0,100,235,1,22/08/2018 3:07,R_1g55d6qrB53T5sl,anonymous,EN-GB,33,female,NA,10,5,2,1,1,1,2,2,2,2,1,1,1,1,1,1,1,1,2,1,1,1,1,2,1,2,1,2,1,1,1,1,1,2,1,1,1,1,2,2,1,1,2,2,1,1,2,4,3,2,2,2,2,4,4,4,4,5,5,4,4,5,4,4,3,4,1,1,6,4,5,5,4,4,4,4,4,4,5,5,2,4,4,5,6,6,4,4,6,NA,1,1,4,3,3,2,3,4,3,3,3,3,3,3,3,3,4,4,thanks!,NA,NA,Bachelors degree
22/08/2018 3:02,22/08/2018 3:08,0,100,379,1,22/08/2018 3:08,R_1OP0w5SG8pg4XNg,anonymous,EN-GB,27,female,NA,2,5,1,2,2,2,2,1,1,2,2,2,2,2,2,2,2,2,1,1,1,1,1,1,1,2,2,1,2,2,2,2,2,1,2,2,2,2,1,1,2,2,1,1,2,2,2,2,1,1,2,3,1,1,1,1,1,2,1,1,3,1,1,1,1,1,4,4,5,3,5,6,4,4,4,5,5,4,5,4,4,5,NA,4,1,1,6,7,2,1,6,6,2,4,5,3,3,1,3,4,3,3,4,4,4,3,3,4,NA,NA,NA,Bachelors degree
22/08/2018 3:05,22/08/2018 3:08,0,100,214,1,22/08/2018 3:08,R_3hcKH8NIxUiVkrf,anonymous,EN-GB,22,male,NA,5,5,1,2,1,2,2,1,1,2,1,2,2,1,2,2,2,2,1,1,1,1,1,1,1,2,2,1,1,2,1,1,2,1,2,2,2,2,2,2,1,2,2,2,1,2,2,3,3,3,3,3,3,4,4,3,4,4,4,5,3,4,4,4,2,4,5,5,6,2,6,6,5,5,5,5,6,5,5,5,5,6,5,5,5,5,4,3,5,5,5,5,4,4,4,4,4,4,4,4,4,4,4,4,4,4,4,5,NA,NA,NA,Bachelors degree
22/08/2018 3:05,22/08/2018 3:11,0,100,377,1,22/08/2018 3:11,R_3LkltbXky7npq1f,anonymous,EN-GB,29,male,NA,3,2,1,1,1,1,2,2,2,1,1,1,1,1,1,1,2,1,2,1,2,2,2,1,1,2,1,2,1,2,2,1,2,1,2,2,2,2,2,1,2,2,1,2,2,2,2,2,1,3,3,1,3,2,NA,4,3,2,4,3,3,3,2,2,1,1,4,3,5,3,6,5,3,4,3,5,6,4,3,1,6,5,4,3,4,5,4,6,2,2,4,5,3,3,4,3,2,3,2,4,5,3,5,3,4,3,4,4,NA,NA,NA,High School graduate
22/08/2018 3:02,22/08/2018 3:15,0,100,749,1,22/08/2018 3:15,R_1EbVrUQrbBwor1F,anonymous,EN-GB,26,male,NA,9,2,1,1,1,1,2,2,2,2,1,1,1,1,1,1,1,1,2,1,1,1,2,2,2,2,1,2,1,2,2,2,2,1,2,2,2,2,2,1,2,2,2,1,2,2,2,3,2,1,2,3,1,3,3,3,3,2,2,3,3,4,2,3,3,3,5,5,6,4,5,5,3,5,5,3,3,5,6,7,3,5,2,5,5,6,4,4,6,5,5,4,5,4,3,4,3,3,2,2,1,2,5,3,4,2,4,4,Thank you.,NA,NA,High School graduate
22/08/2018 3:07,22/08/2018 3:18,0,100,661,1,22/08/2018 3:18,R_3hawZKtCj5kdP6E,anonymous,EN-GB,24,male,NA,3,5,1,2,2,2,2,1,1,2,2,2,2,2,2,2,2,2,1,1,1,1,1,1,1,2,2,1,2,2,2,2,2,1,2,2,2,2,2,1,2,2,2,1,2,2,2,2,2,2,2,2,2,2,2,2,2,2,2,2,2,2,1,1,1,1,2,3,6,5,5,5,3,5,5,4,5,5,5,5,6,4,4,3,5,2,4,5,5,5,5,5,2,2,2,2,2,2,2,2,2,2,2,2,2,1,2,2,NA,NA,NA,Bachelors degree
22/08/2018 3:04,22/08/2018 3:18,0,100,842,1,22/08/2018 3:18,R_1jOZbvYzza6u5ZD,anonymous,EN-GB,39,male,NA,7,5,1,2,2,2,2,1,1,2,2,2,2,1,2,2,2,2,1,1,1,1,1,1,1,2,2,1,2,2,2,2,2,1,2,2,2,2,2,1,2,2,1,1,2,2,2,1,1,1,1,1,1,1,1,1,1,1,1,1,4,1,1,1,1,1,2,2,6,4,5,6,5,3,6,3,3,6,5,5,6,6,4,3,6,5,4,4,5,6,4,4,5,2,2,2,2,2,2,2,2,3,2,3,4,3,3,5,NA,NA,NA,Bachelors degree
22/08/2018 3:14,22/08/2018 3:20,0,100,398,1,22/08/2018 3:20,R_2Eyga4NFXI4lHuo,anonymous,EN-GB,33,male,NA,1,2,2,1,1,1,1,2,2,1,1,1,2,1,1,1,1,1,2,2,2,2,2,2,2,1,1,2,1,2,2,2,2,1,2,2,2,2,1,1,2,2,1,1,2,2,2,1,1,1,1,1,1,4,4,4,4,4,4,4,4,1,1,1,1,1,1,1,7,1,6,7,1,7,6,4,4,7,1,1,7,7,7,1,1,1,7,7,1,1,7,7,4,3,5,3,3,3,3,5,3,5,3,3,5,3,3,5,NA,NA,NA,High School graduate
22/08/2018 3:19,22/08/2018 3:24,0,100,329,1,22/08/2018 3:24,R_RDZjBOAbI0Epb8d,anonymous,EN-GB,48,female,NA,3,5,2,1,1,1,2,2,2,1,1,1,1,1,1,1,1,1,2,2,2,2,2,2,2,1,1,2,1,2,2,1,1,2,1,1,1,1,2,2,1,1,2,2,1,1,1,4,4,3,3,4,4,5,3,4,5,5,5,5,5,3,3,2,4,3,3,3,3,3,5,4,1,7,4,1,1,4,4,4,3,3,2,6,4,4,4,3,6,6,2,3,7,4,4,1,3,4,3,4,1,1,3,3,4,1,4,4,NA,NA,NA,Bachelors degree
22/08/2018 3:35,22/08/2018 3:38,0,100,179,1,22/08/2018 3:38,R_cUbMf9wJS0S4kAp,anonymous,EN-GB,60,male,NA,4,5,1,2,2,2,2,1,1,1,2,2,2,1,1,1,1,1,1,1,2,1,2,1,1,2,1,2,1,1,1,1,1,2,1,1,1,1,1,1,2,1,1,1,2,1,1,3,3,4,4,4,5,5,4,4,5,5,5,4,5,3,3,3,4,4,4,4,5,5,6,5,4,4,5,5,6,4,4,4,5,5,4,4,4,4,5,5,4,6,5,5,2,3,3,4,3,3,3,3,4,3,4,3,3,4,3,3,none,NA,NA,Bachelors degree
22/08/2018 3:35,22/08/2018 3:42,0,100,462,1,22/08/2018 3:42,R_DV7tUyYH2hilmYF,anonymous,EN-GB,30,male,NA,2,2,1,2,2,2,2,1,1,2,2,2,2,2,2,2,2,2,1,1,1,2,1,1,1,2,2,1,1,2,2,2,2,1,2,2,2,2,2,1,2,2,2,1,2,2,2,1,1,1,1,1,1,1,1,1,1,1,1,1,1,1,1,1,1,1,5,5,5,5,2,6,7,4,3,5,6,4,7,1,6,5,7,6,1,1,7,7,1,1,7,7,1,1,1,1,1,1,1,1,1,1,1,1,1,1,1,1,none,NA,NA,High School graduate
22/08/2018 3:36,22/08/2018 3:43,0,100,397,1,22/08/2018 3:43,R_2VCli8TIxksj27W,anonymous,EN-GB,33,male,NA,3,3,1,2,2,2,2,1,1,2,2,2,2,1,2,2,2,2,1,1,1,1,1,1,1,2,2,1,2,2,2,2,2,1,2,2,2,2,1,1,2,2,2,2,2,2,2,1,1,1,1,1,1,1,1,1,1,3,2,2,3,2,1,1,1,1,2,2,6,4,6,7,6,2,2,7,6,2,2,1,6,7,7,1,1,1,7,7,1,1,7,7,2,2,1,1,1,1,1,1,1,1,2,2,1,1,1,3,NA,NA,NA,Technical school graduate
22/08/2018 3:37,22/08/2018 3:45,0,100,449,1,22/08/2018 3:45,R_42Shwc3pssUjj8Z,anonymous,EN-GB,27,male,NA,6,2,1,2,2,2,2,1,1,2,2,2,2,1,2,2,2,2,1,1,1,1,1,1,1,2,2,1,2,2,2,2,2,1,2,2,2,2,2,1,2,2,1,1,2,2,2,2,1,1,1,3,1,4,4,3,3,4,4,4,4,1,1,1,1,1,2,1,5,2,5,7,5,3,2,6,7,3,4,3,7,7,6,3,1,1,7,7,1,1,7,7,2,2,2,2,2,3,2,2,1,1,4,2,2,1,3,4,"Everything was fine and easy to understand , i enjoyed the format since it had a lot of questions per page which made it a better experience for me personally.",NA,NA,High School graduate
22/08/2018 3:35,22/08/2018 3:45,0,100,611,1,22/08/2018 3:45,R_22MqaVaalmJlWMM,anonymous,EN-GB,42,male,NA,8,2,1,1,2,2,2,2,2,2,1,1,1,1,1,1,1,1,2,1,2,1,1,1,1,2,2,2,2,2,1,1,1,1,1,1,1,1,2,2,1,1,2,2,1,1,2,3,2,2,4,3,3,5,5,4,4,4,5,5,4,3,3,3,4,4,3,3,5,4,5,6,4,4,4,3,4,5,4,4,5,5,4,4,2,2,6,5,4,5,5,6,6,3,3,2,2,3,2,2,3,2,3,3,4,3,2,4,Thank you very much.  There are some things we just don't know and things that may not be known now may be discovered in the future.,NA,NA,High School graduate
22/08/2018 3:50,22/08/2018 3:55,0,100,305,1,22/08/2018 3:55,R_3dTiuXGBvlpIexo,anonymous,EN-GB,36,male,NA,1,5,1,2,2,2,2,1,1,2,1,2,2,1,2,2,2,2,1,1,1,1,1,1,1,2,2,1,2,2,2,2,2,1,2,2,2,2,1,1,2,2,1,1,2,2,2,1,1,1,1,1,1,1,1,1,1,1,1,1,1,2,2,2,2,2,4,4,4,4,4,4,4,4,4,4,4,4,2,2,6,6,6,4,2,2,6,6,2,NA,6,6,1,1,1,2,1,1,1,1,1,1,1,1,1,1,1,1,NA,NA,NA,Bachelors degree
22/08/2018 3:51,22/08/2018 4:01,0,100,559,1,22/08/2018 4:01,R_3jSZ8rMoPuZ5OIm,anonymous,EN-GB,26,male,NA,3,5,1,1,1,2,2,2,2,2,1,1,1,1,1,1,2,1,1,1,1,2,1,1,1,1,2,2,1,1,1,1,1,2,1,1,1,1,2,2,1,1,2,1,1,1,2,2,1,1,1,2,2,2,2,2,2,2,1,1,1,1,1,1,1,1,3,2,6,2,6,7,3,6,6,5,5,7,6,5,3,4,2,7,6,6,2,2,4,7,3,6,6,4,5,4,4,5,5,5,5,2,5,5,5,5,4,5,No issues. Some conflict with the vaccine questions but I answered best I could.,NA,NA,Bachelors degree
22/08/2018 4:35,22/08/2018 4:41,0,100,375,1,22/08/2018 4:41,R_2Xc8jTUh5l2fidh,anonymous,EN-GB,32,female,NA,1,2,1,1,2,2,2,2,1,2,1,1,2,1,1,1,2,1,1,1,1,1,1,1,1,1,2,2,1,2,2,2,2,1,2,2,2,2,2,1,2,2,1,1,2,2,2,3,3,1,1,2,3,4,4,4,3,3,3,3,3,4,2,4,4,3,3,3,6,1,5,6,4,4,4,3,5,5,4,4,6,4,6,4,1,1,7,7,7,1,7,7,1,4,4,3,5,4,4,4,3,3,4,4,4,2,5,5,NA,NA,NA,High School graduate
22/08/2018 4:36,22/08/2018 4:41,0,100,331,1,22/08/2018 4:41,R_2s70USAzMBOOos2,anonymous,EN-GB,28,male,NA,7,5,1,2,1,2,2,1,1,2,1,2,1,1,2,2,2,2,1,1,1,2,1,1,2,2,1,1,1,1,1,1,1,2,1,1,2,1,2,2,1,1,2,1,1,1,2,2,2,3,2,4,3,2,3,2,3,2,3,2,1,2,1,3,2,2,4,5,4,4,5,4,5,4,2,4,4,6,4,5,2,4,3,4,4,5,6,4,2,3,6,6,5,1,3,1,1,1,2,1,2,2,1,3,2,2,1,4,NA,NA,NA,Bachelors degree
22/08/2018 4:39,22/08/2018 4:45,0,100,329,1,22/08/2018 4:45,R_2a9s8Ov7SmlbhA3,anonymous,EN-GB,41,male,NA,9,5,1,2,2,2,2,1,1,2,2,2,2,1,2,2,2,2,1,1,1,1,1,1,1,2,2,1,2,2,2,2,2,1,2,2,2,2,2,1,2,2,1,2,2,2,2,2,2,2,2,2,2,2,2,2,2,2,2,2,2,2,2,2,2,2,5,5,3,5,3,4,4,5,4,3,4,4,4,4,4,4,5,3,3,3,5,5,3,3,5,5,5,1,1,1,1,1,1,1,2,2,2,1,1,1,1,2,Great survey!,NA,NA,Bachelors degree
22/08/2018 4:48,22/08/2018 4:52,0,100,238,1,22/08/2018 4:52,R_27UoJIx7NTWKcgM,anonymous,EN-GB,59,male,NA,8,5,1,1,2,1,2,1,1,2,1,2,2,2,2,1,2,1,2,1,2,2,1,1,2,1,2,1,1,2,2,1,1,1,2,1,2,1,2,1,2,1,1,2,2,1,2,2,3,4,5,4,3,4,5,3,3,6,5,4,3,2,3,4,3,3,2,3,4,5,3,3,2,3,5,4,3,3,3,4,5,5,4,3,2,3,4,5,4,3,3,4,1,2,3,4,3,3,2,3,4,2,2,3,2,3,2,4,NA,NA,NA,Bachelors degree
22/08/2018 4:47,22/08/2018 4:56,0,100,541,1,22/08/2018 4:56,R_1QsZx2OSFQpdPHg,anonymous,EN-GB,31,male,NA,3,5,1,2,2,2,2,1,2,2,2,2,2,2,2,2,2,2,1,1,1,2,2,2,2,2,2,2,2,1,2,2,2,1,2,2,2,2,2,1,2,2,2,2,2,2,2,4,3,4,3,NA,2,3,3,NA,2,3,2,2,3,3,3,2,3,4,4,3,4,5,4,3,4,5,4,3,4,5,4,3,2,3,4,5,4,3,5,4,5,4,3,2,4,3,2,2,2,1,1,1,1,1,1,1,1,1,1,1,NA,NA,NA,Bachelors degree
22/08/2018 4:58,22/08/2018 5:03,0,100,293,1,22/08/2018 5:03,R_2YQbBO7002HttLH,anonymous,EN-GB,32,female,NA,10,4,1,2,2,2,2,1,1,2,2,2,2,1,2,2,2,2,1,1,1,1,1,1,1,2,2,1,2,2,1,1,1,2,1,1,1,1,2,2,2,1,2,2,1,1,1,1,1,1,1,1,1,1,1,1,1,1,1,1,1,5,4,5,5,5,5,2,5,2,6,6,2,6,6,2,2,6,5,5,2,4,4,7,6,6,2,6,6,6,2,6,7,5,5,1,4,2,3,2,1,1,4,4,4,1,4,4,NA,NA,NA,Associate degree
22/08/2018 5:10,22/08/2018 5:13,0,100,193,1,22/08/2018 5:13,R_2aUKeT2pHSxM9XA,anonymous,EN-GB,34,male,NA,8,6,1,1,1,2,1,2,1,1,1,2,2,2,1,1,2,1,1,1,1,1,1,1,2,1,1,2,1,2,1,2,2,1,1,2,1,1,1,1,2,2,1,1,1,1,1,1,3,2,1,3,4,2,1,2,3,1,2,3,2,4,3,4,5,4,6,5,6,7,6,5,4,6,5,7,6,7,6,5,6,7,5,6,5,7,6,5,6,7,5,6,6,4,3,4,5,4,4,5,4,5,4,5,4,3,4,4,nice study,NA,NA,Masters degree
22/08/2018 5:06,22/08/2018 5:18,0,100,758,1,22/08/2018 5:18,R_2sbcccjz8l1emBm,anonymous,EN-GB,20,male,NA,4,2,1,2,2,2,2,1,1,2,2,2,2,2,2,2,2,2,1,1,1,1,1,1,2,2,2,1,2,2,2,2,2,1,2,2,2,2,1,2,2,2,1,1,2,2,2,1,1,1,1,1,1,2,1,2,2,2,1,1,1,4,3,3,4,3,1,1,6,2,7,7,6,2,2,5,5,2,2,2,5,5,5,3,5,5,3,3,4,3,5,5,4,4,2,4,2,2,4,2,4,1,4,4,2,4,4,4,NA,NA,NA,High School graduate
22/08/2018 5:31,22/08/2018 5:35,0,100,276,1,22/08/2018 5:36,R_3PiyUmFLEAk5sQn,anonymous,EN-GB,27,male,NA,4,5,1,2,2,2,2,1,2,1,1,1,2,1,1,1,1,1,2,1,1,1,1,1,1,2,2,2,1,2,2,2,2,1,2,2,2,2,2,1,2,2,2,1,2,2,2,1,1,1,1,1,1,4,4,4,4,4,4,4,4,1,1,1,1,1,2,1,7,4,6,7,4,4,1,4,4,4,4,4,4,1,4,4,1,1,7,7,1,1,7,7,4,2,2,2,2,2,1,1,3,3,3,3,2,2,3,5,NA,NA,NA,Bachelors degree
22/08/2018 5:30,22/08/2018 5:36,0,100,354,1,22/08/2018 5:36,R_1IKtgCwex0cNbr0,anonymous,EN-GB,32,male,NA,7,5,1,2,2,1,2,1,2,2,1,1,2,1,2,1,2,1,1,1,1,1,2,2,2,1,2,2,2,2,1,2,2,1,1,1,2,1,1,1,1,2,1,2,2,2,1,3,3,3,3,4,3,3,5,4,3,3,4,4,5,4,3,2,3,4,6,5,5,3,3,6,6,4,5,6,5,5,6,4,4,5,6,2,5,6,3,4,5,2,4,5,6,4,3,3,4,4,4,2,3,3,4,4,2,1,3,4,STUDY IS GOOD,NA,NA,Bachelors degree
22/08/2018 5:32,22/08/2018 5:39,0,100,432,1,22/08/2018 5:39,R_20TkacOsejccK7Y,anonymous,EN-GB,36,female,NA,2,5,2,1,1,1,2,2,2,2,1,1,1,1,1,1,1,1,2,1,1,1,1,2,1,2,1,2,1,2,2,2,2,1,2,2,2,2,2,1,2,2,2,2,2,2,2,2,2,2,2,2,2,2,2,2,2,2,2,2,2,4,4,4,4,4,2,2,4,4,4,6,4,4,3,5,5,4,3,3,5,4,4,3,2,2,5,7,2,2,6,7,2,3,3,2,2,2,2,2,3,1,4,3,2,2,2,3,NA,NA,NA,Bachelors degree
22/08/2018 5:30,22/08/2018 5:39,0,100,544,1,22/08/2018 5:39,R_2rwJEtEcJ8KG700,anonymous,EN-GB,35,female,NA,9,4,1,2,2,2,2,1,1,2,2,2,2,2,2,2,2,2,1,1,1,1,1,1,1,2,2,1,2,2,2,2,2,1,2,2,2,2,1,1,2,2,1,2,2,2,2,2,2,1,2,2,1,4,3,3,2,3,3,2,2,4,4,4,4,4,3,3,5,2,6,4,2,6,5,2,4,3,5,5,3,3,3,5,2,2,6,6,3,3,6,6,3,4,4,2,4,3,2,2,2,2,2,2,2,2,2,4,Thank you for allowing me to participate.,NA,NA,Associate degree
22/08/2018 5:31,22/08/2018 5:39,0,100,523,1,22/08/2018 5:39,R_2xR8yZwq8bCTG9p,anonymous,EN-GB,36,male,NA,2,5,2,1,2,2,2,2,2,2,1,1,2,1,1,2,2,2,2,1,1,1,1,1,2,2,2,2,2,2,2,2,2,1,2,2,2,2,2,1,2,2,1,2,2,2,2,2,1,2,1,1,1,4,3,3,2,3,3,2,3,5,4,4,5,4,1,1,7,3,7,7,6,2,2,6,7,2,1,1,7,2,5,1,1,1,7,7,1,1,7,7,1,4,4,1,4,3,4,4,2,1,5,1,4,1,1,5,NA,NA,NA,Bachelors degree
22/08/2018 5:30,22/08/2018 5:41,0,100,672,1,22/08/2018 5:41,R_1d619cB0JdXsjWk,anonymous,EN-GB,40,female,NA,9,5,1,2,2,2,2,1,1,2,1,1,2,2,2,2,2,2,1,1,2,1,1,1,1,2,2,1,2,1,2,2,2,1,2,2,2,2,1,1,2,2,1,2,2,2,2,2,2,1,1,3,2,3,3,2,2,4,4,2,2,4,4,3,4,3,2,1,7,4,6,7,7,3,2,7,7,2,6,4,7,6,6,3,1,1,7,7,2,1,7,7,2,4,3,1,2,4,3,3,1,1,5,3,3,2,4,5,NA,NA,NA,Bachelors degree
22/08/2018 6:32,22/08/2018 6:40,0,100,477,1,22/08/2018 6:40,R_USiJTeCyupGDlWV,anonymous,EN-GB,33,female,NA,9,6,1,2,2,2,2,1,1,2,2,2,2,1,2,2,2,2,2,1,1,1,1,1,1,2,2,1,2,2,2,2,2,1,2,2,2,2,2,1,2,2,1,1,2,2,2,1,1,1,1,1,1,1,1,1,1,1,1,1,1,3,2,2,3,3,3,3,5,4,5,6,3,5,3,5,5,5,2,2,7,5,5,2,1,1,6,7,2,2,6,7,2,3,2,1,1,1,3,2,1,1,4,2,2,1,2,4,NA,NA,NA,Masters degree
22/08/2018 6:32,22/08/2018 6:42,0,100,632,1,22/08/2018 6:42,R_2QrMGal3ZNa95RQ,anonymous,EN-GB,26,male,NA,4,5,1,2,2,2,2,1,1,2,2,2,2,2,2,2,2,2,1,1,1,1,1,1,1,2,2,1,1,2,2,2,2,1,2,2,2,2,1,1,2,2,1,2,2,2,2,2,1,2,4,2,1,2,2,1,1,3,2,2,2,2,1,1,2,1,3,3,6,3,7,6,6,3,3,6,7,3,1,2,6,5,4,2,1,1,7,6,2,1,6,7,2,2,1,1,1,1,1,1,2,1,4,2,1,NA,2,4,"To my knowledge, climate change is the result of natural forces in conjunction with human activity which has vastly accelerated and changed the natural flow. The climate of Earth is constantly in change, but the regulatory factors are dependent upon other forces of which we have manipulated.",NA,NA,Bachelors degree
22/08/2018 6:34,22/08/2018 6:43,0,100,530,1,22/08/2018 6:43,R_11YEvMkEPpkZjP4,anonymous,EN-GB,38,male,NA,9,4,1,2,2,2,2,1,1,2,1,1,2,1,1,2,1,2,1,1,1,1,1,1,1,2,2,2,2,2,2,2,2,1,2,2,2,2,1,1,2,2,1,1,2,2,2,2,2,3,2,3,3,4,2,3,3,4,2,2,4,3,1,1,2,1,4,4,4,5,3,6,2,5,4,2,4,5,2,4,4,4,4,4,2,1,6,6,4,2,6,7,3,2,3,2,2,2,3,3,4,2,3,3,4,4,4,4,n/a,NA,NA,Associate degree
22/08/2018 6:34,22/08/2018 6:44,0,100,560,1,22/08/2018 6:44,R_3JruuYZ47L90pVW,anonymous,EN-GB,37,female,NA,7,2,1,2,2,2,2,1,1,2,1,2,2,1,2,2,2,2,1,1,1,1,1,1,1,2,2,1,2,2,2,2,2,1,2,2,2,2,2,1,2,2,2,1,2,2,2,1,1,1,1,1,1,1,1,1,2,1,1,1,2,1,1,1,1,1,4,4,4,4,3,6,4,5,4,5,7,6,2,4,6,4,4,5,2,1,7,4,1,1,6,7,2,3,1,1,1,1,1,1,1,1,3,2,1,1,1,5,Thanks for the opportunity!,NA,NA,High School graduate
22/08/2018 6:34,22/08/2018 6:59,0,100,1491,1,22/08/2018 6:59,R_1Lj4KfDjmb9XCuI,anonymous,EN-GB,64,female,NA,3,2,1,2,2,2,2,1,1,2,2,2,2,2,2,2,2,2,1,1,1,1,1,1,1,2,2,2,2,2,2,2,2,1,2,2,2,2,2,1,2,2,2,1,2,2,2,3,3,3,3,3,2,4,2,2,2,2,2,2,2,2,2,2,2,2,4,3,4,5,4,4,3,5,5,3,4,4,4,4,5,5,5,4,3,3,5,5,5,3,5,5,5,2,1,1,2,2,2,2,1,1,1,1,1,1,2,1,"I have always believed in vaccines. I do believe there is climate change because I remember when I was young, we had four seasons. Not anymore.",NA,NA,High School graduate
22/08/2018 7:59,22/08/2018 8:02,0,100,194,1,22/08/2018 8:02,R_6iiLE196mPJymhb,anonymous,EN-GB,30,male,NA,2,5,2,2,2,2,2,1,1,2,2,2,2,2,2,2,2,2,2,1,1,2,1,1,1,2,2,1,2,1,2,2,2,1,2,2,2,2,2,2,2,2,2,1,2,2,2,1,1,1,1,1,1,1,1,1,1,1,1,1,1,1,1,1,1,1,3,2,2,1,2,3,2,2,1,1,2,6,2,2,1,2,2,1,1,1,7,7,1,1,7,7,1,2,2,1,1,1,1,1,2,2,1,1,1,2,1,1,Thank you! Interesting study. I appreciate the opportunity to participate in your research.,NA,NA,Bachelors degree
